Whiskey,Percent.whiskey,Rep,Style,"Ethene, ethoxy-",Acetaldehyde,Acetone,"Methane, diethoxy-","Ethane, 1,1-diethoxy-","Butane, 1,1-diethoxy-3-methyl-"
Peat Monster,50,1,BS,4210.419519,135339.8659,140495.3121,24043.73921,564592.8391,74910.21056
Peat Monster,50,2,BS,2343.315457,111549.8341,109152.9983,21168.72214,383850.198,50864.25747
Peat Monster,50,3,BS,1875.963297,93153.3688,86637.88027,15569.59172,290560.5843,38213.61949
Peat Monster,60,1,BS,6461.7585,146522.2229,95280.38047,28377.16666,1029061.636,129868.636
Peat Monster,60,2,BS,3901.428231,156456.0893,112663.3155,22591.37969,766645.7787,90004.49729
Peat Monster,60,3,BS,4419.885425,84145.29304,46735.96501,16659.77255,487668.7755,64532.93557
Peat Monster,70,1,BS,12865.73399,139484.9399,125898.1774,26065.21659,1647460.314,204514.4555
Peat Monster,70,2,BS,4017.348262,154974.0571,148307.8488,21579.76677,814773.2975,84832.7437
Peat Monster,70,3,BS,6348.672524,81970.7854,0,17914.09597,710003.4239,70937.13655
Peat Monster,80,1,BS,17333.96424,140670.7416,174618.9918,30673.22314,2051524.488,214109.047
Peat Monster,80,2,BS,6642.186124,118948.7392,128744.5775,20629.86296,1086258.139,109258.1835
Peat Monster,80,3,BS,4011.361441,166415.5559,207099.1814,18029.8253,875613.867,69642.67408
Peat Monster,90,1,BS,20267.82504,166131.5929,122835.1481,33659.23769,2518676.562,206092.8383
Peat Monster,90,2,BS,10932.4415,136453.8124,98910.08257,24702.27562,1601933.235,136163.5982
Peat Monster,90,3,BS,11890.3129,91581.18967,63541.75572,19310.54115,1267403.944,98264.06742
Peat Monster,100,1,BS,19387.38672,154187.0886,131852.2312,30349.39665,2370618.34,154973.893
Peat Monster,100,2,BS,16686.57501,113887.1171,91780.77793,23163.2588,1926497.826,127376.3349
Peat Monster,100,3,BS,16179.55837,95844.30166,71624.37756,18537.64787,1541413.055,101315.301
Aberlour 12,50,1,SM,569.6206656,131129.9486,19302.61031,30582.81532,187367.6321,8207.996666
Aberlour 12,50,2,SM,883.0074543,111607.0471,0,31818.34549,204181.9463,9320.22551
Aberlour 12,50,3,SM,814.7715463,115312.1461,15098.76496,29319.33524,184520.37,8445.930539
Aberlour 12,60,1,SM,1450.485126,124630.7043,15520.61063,35138.1298,330609.3361,15160.82222
Aberlour 12,60,2,SM,914.6007125,141952.7864,19927.16824,32715.33863,290401.4869,12519.20547
Aberlour 12,60,3,SM,935.6213621,120628.8521,14200.17615,30324.91595,293122.6305,13132.65059
Aberlour 12,70,1,SM,1573.17579,133750.0927,15080.98342,39207.3445,478700.915,20431.60475
Aberlour 12,70,2,SM,1430.006042,174714.5008,22185.59222,37986.95689,467374.9485,19398.57034
Aberlour 12,70,3,SM,1540.448145,144166.6253,17455.30556,37581.83584,479754.4892,19437.50274
Aberlour 12,80,1,SM,2898.267463,141991.9618,16511.65564,40035.50099,734571.2014,29032.6123
Aberlour 12,80,2,SM,1779.899044,161049.3566,20162.58605,36556.43712,600237.679,21929.69771
Aberlour 12,80,3,SM,1991.92841,155004.2727,19256.8125,39978.18201,650010.0712,24203.26509
Aberlour 12,90,1,SM,2181.603403,203430.3855,20700.76201,40181.28542,790681.4058,25530.63742
Aberlour 12,90,2,SM,2170.390505,201544.7176,20486.65069,40936.14592,811670.3365,25292.33324
Aberlour 12,90,3,SM,2925.917332,193926.1961,19093.70758,43163.45008,884160.8599,27641.75065
Aberlour 12,100,1,SM,3509.087181,188554.6714,25385.11658,41666.35204,1038308.035,28896.17766
Aberlour 12,100,2,SM,3933.843144,184438.56,23896.95566,38858.3907,969577.6894,27288.53679
Aberlour 12,100,3,SM,2860.871125,227032.911,32152.51527,40437.44136,953976.1084,25470.3363
Basil Hayden's,50,1,BU,1939.92414,87539.81259,0,23120.0704,162440.6122,3321.867049
Basil Hayden's,50,2,BU,1765.83307,100845.4264,120440.5644,24053.67743,171360.6511,3563.083616
Basil Hayden's,50,3,BU,3441.870687,74461.31327,66150.3867,27258.04098,189699.1097,3577.629262
Basil Hayden's,60,1,BU,6609.266596,65003.5594,0,25579.74921,277999.0189,5573.371552
Basil Hayden's,60,2,BU,4611.731213,75983.78214,0,26903.39329,301000.173,5764.763769
Basil Hayden's,60,3,BU,5739.895343,60359.02267,0,23351.36961,250401.1019,5221.058138
Basil Hayden's,70,1,BU,14741.02557,77984.72828,0,31846.31854,555407.959,10285.34675
Basil Hayden's,70,2,BU,2283.967477,131103.0024,0,24466.2752,308424.2583,6521.402788
Basil Hayden's,70,3,BU,8569.289809,70431.45892,33544.17587,28937.04093,395092.3587,7868.895468
Basil Hayden's,80,1,BU,7974.098878,108468.2264,37332.68157,32131.61572,612555.283,11617.07202
Basil Hayden's,80,2,BU,4448.006912,133313.5667,0,27068.12571,495949.1741,9810.805994
Basil Hayden's,80,3,BU,9904.030176,78306.82433,26936.81961,28943.87632,533624.4993,9637.771878
Basil Hayden's,90,1,BU,14501.3043,85516.83797,17140.64866,29555.48642,689959.8374,11369.63096
Basil Hayden's,90,2,BU,8074.633479,127336.3054,26840.95692,32484.30473,748315.0672,12428.41074
Basil Hayden's,90,3,BU,6877.238493,139402.3898,29014.61523,28198.73987,634544.9329,11501.86213
Basil Hayden's,100,1,BU,21533.04926,101668.6629,24326.68583,32624.80815,816635.1008,9207.553124
Basil Hayden's,100,2,BU,17214.66034,92558.9993,0,30797.06939,871529.5287,12512.35369
Basil Hayden's,100,3,BU,20070.57076,90189.36409,21990.74309,56866.39934,870733.3808,13791.39143
Black Bottle,50,1,BS,696.2980584,62740.75383,0,11855.56485,136449.7295,6154.487392
Black Bottle,50,2,BS,501.1456147,69115.94727,0,10082.68036,118175.2436,5453.608036
Black Bottle,50,3,BS,745.0241587,64233.73109,0,11030.50289,164524.6676,8069.858429
Black Bottle,60,1,BS,1003.302772,64910.70807,0,10494.90449,183292.7746,8579.000818
Black Bottle,60,2,BS,849.4778432,65551.57369,0,10806.95751,190434.5246,8758.470378
Black Bottle,60,3,BS,1007.925931,78071.6885,0,11177.74754,208548.9989,9527.988467
Black Bottle,70,1,BS,1148.236796,105798.2181,0,15287.14439,309846.7227,14398.36136
Black Bottle,70,2,BS,1368.36582,92987.17747,0,15248.25168,315179.5813,14866.33503
Black Bottle,70,3,BS,1292.525113,94128.20899,0,14944.12111,326394.9899,15248.41739
Black Bottle,80,1,BS,2674.434742,86518.43537,0,16660.90329,470002.1503,20256.78175
Black Bottle,80,2,BS,3469.278682,88504.08197,0,16071.70706,647065.6708,30578.13159
Black Bottle,80,3,BS,2135.659588,89457.66717,0,15360.61253,469489.0967,20584.66463
Black Bottle,90,1,BS,2695.8038,106059.1411,0,15133.78457,626169.0545,24854.73068
Black Bottle,90,2,BS,3161.071244,91520.21022,0,16379.96238,595774.7625,23053.50614
Black Bottle,90,3,BS,2616.81055,100096.3851,0,15771.5916,638088.7854,25882.95541
Black Bottle,100,1,BS,4345.932567,94004.26717,0,16594.49674,735215.2246,24706.71224
Black Bottle,100,2,BS,4042.66181,102930.585,0,16395.94583,738321.0085,25049.69862
Black Bottle,100,3,BS,3331.681962,112656.4634,0,15687.5948,685244.4374,23067.09765
Bulleit,50,1,RW,1589.098768,48404.128,0,65933.75721,282409.5912,7438.594744
Bulleit,50,2,RW,1547.284302,50830.17602,0,67910.66887,302155.0439,8430.147093
Bulleit,50,3,RW,1919.648924,49715.38858,0,65704.34887,389469.3757,12077.07496
Bulleit,60,1,RW,2303.737834,54437.73115,0,69192.101,423002.0877,11235.28543
Bulleit,60,2,RW,2198.730073,52110.87397,0,66742.83351,410420.9608,10779.23553
Bulleit,60,3,RW,2333.132929,55010.99753,0,68676.23893,547780.7284,16286.43462
Bulleit,70,1,RW,3429.389492,57405.76662,0,70440.70896,594998.5593,13703.68883
Bulleit,70,2,RW,2696.384694,55268.02454,0,67458.60244,571620.0216,13110.05336
Bulleit,70,3,RW,2901.572762,59150.00752,0,70844.46125,599494.7168,14712.9817
Bulleit,80,1,RW,3798.069467,63798.54775,0,69763.36848,801215.082,16485.30176
Bulleit,80,2,RW,3752.220498,65828.17821,0,66930.87484,743203.987,15584.12033
Bulleit,80,3,RW,4804.574401,59533.40826,0,69740.79161,760182.1055,15391.16026
Bulleit,90,1,RW,4685.981904,63566.5958,0,60593.91559,871140.1349,14497.35418
Bulleit,90,2,RW,4431.393228,64391.54518,0,59563.86485,896115.9124,16159.57516
Bulleit,90,3,RW,4531.741593,62239.98057,0,61904.7973,916100.6713,15889.94265
Bulleit,100,1,RW,4958.234589,67113.1502,0,60108.23209,1025326.689,14291.35894
Bulleit,100,2,RW,5340.674464,66986.19499,0,52572.26131,925212.9045,13086.44947
Bulleit,100,3,RW,5288.079861,66653.2311,0,60662.73531,1030481.877,15365.10162
Bunnahabhain,50,1,SM,907.6798629,23123.40471,0,8613.540041,124787.2032,20722.76807
Bunnahabhain,50,2,SM,1051.96701,22672.68182,0,8771.983047,150729.518,26330.98776
Bunnahabhain,50,3,SM,1343.501826,22555.69291,0,8418.407963,251140.8588,49208.74777
Bunnahabhain,60,1,SM,1400.216658,25900.98588,112559.3118,8834.205148,182991.1678,26897.35713
Bunnahabhain,60,2,SM,1250.132003,25411.86097,110054.3824,8741.254214,176348.4069,26565.27329
Bunnahabhain,60,3,SM,1019.449994,23442.59056,105036.9933,8877.247612,193092.1263,30781.10639
Bunnahabhain,70,1,SM,2096.95176,25767.13926,658306.407,8608.226949,240442.4851,32386.66768
Bunnahabhain,70,2,SM,1906.013851,24799.29383,672354.978,8603.648474,353921.5774,54903.40037
Bunnahabhain,70,3,SM,1656.922529,26146.71893,683064.9347,8587.379607,293560.9373,43907.47864
Bunnahabhain,80,1,SM,3059.615066,28717.67113,0,9378.548358,333831.8621,37238.59156
Bunnahabhain,80,2,SM,2183.458183,29296.50834,0,9299.76194,346442.044,40043.73456
Bunnahabhain,80,3,SM,2988.466198,28762.27147,0,9398.735249,328367.6422,36713.38631
Bunnahabhain,90,1,SM,3839.703854,30439.94899,474624.0172,8801.604338,396017.8335,35469.04041
Bunnahabhain,90,2,SM,2693.333061,29893.84168,481512.9027,8788.10264,426248.9915,42159.54926
Bunnahabhain,90,3,SM,2456.709494,29706.66409,482495.2005,8780.561887,440588.2974,43565.47551
Bunnahabhain,100,1,SM,5158.991884,32158.77883,808679.6025,8704.210911,449188.8978,30788.82092
Bunnahabhain,100,2,SM,3653.011113,32753.98174,841736.2743,8446.207864,448911.1068,32915.55323
Bunnahabhain,100,3,SM,3096.642716,31628.09193,837258.8117,9093.485477,489961.7302,38133.03351
Bushmills,50,1,IW,1227.504063,35444.40362,0,22034.09275,173169.9497,8699.618965
Bushmills,50,2,IW,1681.260946,37474.11846,0,23768.77535,203457.3347,10515.45771
Bushmills,50,3,IW,1033.617457,36895.72596,0,21707.35746,162990.0367,8822.716696
Bushmills,60,1,IW,1742.656929,39937.81019,0,22171.56024,275391.6179,14584.44447
Bushmills,60,2,IW,1348.047938,42662.90935,0,19445.26633,272418.503,13939.32553
Bushmills,60,3,IW,1456.173394,38256.06105,0,21467.0484,248653.4027,13135.38643
Bushmills,70,1,IW,1533.9791,45649.8663,0,24795.07698,387374.0114,19191.32298
Bushmills,70,2,IW,1434.968039,48817.57358,0,25049.1084,365454.12,17936.25748
Bushmills,70,3,IW,1425.73288,74235.92966,0,23300.41639,372595.1586,17546.53722
Bushmills,80,1,IW,2670.015023,76593.55118,0,24896.69865,570847.3928,23275.73815
Bushmills,80,2,IW,2328.68279,63122.26526,0,25336.1142,534822.3868,23307.64991
Bushmills,80,3,IW,1765.51943,72765.44752,0,25218.61945,489984.8938,20918.67507
Bushmills,90,1,IW,2094.70386,68292.79836,0,25023.76079,591874.808,22118.96408
Bushmills,90,2,IW,4024.678345,50093.3848,0,24202.98379,627587.9546,24831.00376
Bushmills,90,3,IW,2951.788805,50306.24817,0,24799.74621,625273.031,24094.61453
Bushmills,100,1,IW,4057.310017,53824.49088,0,22999.20319,689097.926,22837.69288
Bushmills,100,2,IW,5071.674885,50251.90238,0,23791.11247,716829.484,25438.47085
Bushmills,100,3,IW,3875.61172,52140.7907,0,24636.69752,731360.1141,24950.06148
Dewars,50,1,BS,557.6324814,14272.50543,0,1561.829121,67076.85167,6237.404319
Dewars,50,2,BS,290.8455344,13887.9037,0,1419.036261,63270.98083,5760.975337
Dewars,50,3,BS,825.6209585,14355.53593,0,1263.11916,106284.8559,11808.93198
Dewars,60,1,BS,988.7640524,15177.33573,0,1620.479744,158859.331,16958.65886
Dewars,60,2,BS,1159.379192,15742.65161,0,1612.729594,91573.56334,7813.05355
Dewars,60,3,BS,1005.682497,15658.79159,0,1396.469606,89380.13905,7571.033732
Dewars,70,1,BS,948.7466615,16899.62544,0,1799.423607,133650.0103,11704.45956
Dewars,70,2,BS,1052.521468,17253.59723,0,1946.983687,133069.1782,11564.76646
Dewars,70,3,BS,1330.773342,16466.96393,0,1395.075079,200472.9493,20811.79034
Dewars,80,1,BS,1388.281662,17815.51224,0,1795.697732,170301.4259,13129.51246
Dewars,80,2,BS,1364.293627,18128.89739,0,1733.996479,199248.2619,16448.25741
Dewars,80,3,BS,1696.069139,18534.39855,0,1879.857637,173864.7408,12401.34115
Dewars,90,1,BS,2717.653821,19179.3652,0,1694.810979,211206.8592,13092.57381
Dewars,90,2,BS,1913.496495,20236.95068,0,1746.458437,232217.7925,15509.17245
Dewars,90,3,BS,1850.239031,19452.69135,0,1852.86983,238861.4605,16634.56515
Dewars,100,1,BS,3613.35143,20848.80905,0,1658.845375,232883.8059,11235.36208
Dewars,100,2,BS,2252.391968,20088.98267,0,1641.493766,258455.2604,15143.03855
Dewars,100,3,BS,3848.94426,21606.42304,0,1700.293246,229177.6729,10449.35914
Old Forester,50,1,BU,4147.746694,69607.86304,13792.81141,58083.22099,222551.9873,6154.509938
Old Forester,50,2,BU,2604.147444,81018.08224,18297.78116,51957.88778,194185.0514,5841.4724
Old Forester,50,3,BU,3815.897207,78217.18831,16444.23259,55510.02762,211248.9285,6298.339013
Old Forester,60,1,BU,6895.272374,62084.87787,10952.76308,56414.51577,306943.6326,8857.418531
Old Forester,60,2,BU,5595.922593,91115.23812,14579.55033,64830.23769,406755.4487,12551.96693
Old Forester,60,3,BU,3305.21201,111179.089,18690.05001,58526.26681,302771.0446,8417.151576
Old Forester,70,1,BU,6205.801373,101288.6663,22867.72479,59336.55265,442023.1407,11780.6098
Old Forester,70,2,BU,8697.719648,87938.56785,19557.39995,68323.04825,537465.1375,14236.22368
Old Forester,70,3,BU,4498.182313,121328.1045,30984.71779,61607.21938,456802.0836,11541.24615
Old Forester,80,1,BU,13525.88786,90542.14664,14297.35489,69313.26418,671527.8952,14321.53814
Old Forester,80,2,BU,10615.92358,102550.6192,15413.92909,66437.03249,659110.5453,15198.81748
Old Forester,80,3,BU,12362.15075,84381.0786,12607.89032,66162.03751,643773.9037,13951.16346
Old Forester,90,1,BU,10664.99912,111911.1518,21575.29962,60449.3982,745858.7335,13861.13814
Old Forester,90,2,BU,12402.66057,98703.6989,16351.27722,59545.89001,762488.4094,14840.30984
Old Forester,90,3,BU,10448.84661,120817.9689,23748.72454,58327.03079,734162.0407,13830.98465
Old Forester,100,1,BU,17988.54855,102737.2487,23531.03966,62566.62489,959111.7709,14550.40424
Old Forester,100,2,BU,22450.42049,89444.93503,22670.90684,59578.90227,854165.1664,12265.36889
Old Forester,100,3,BU,16095.98597,94401.30146,23983.83011,30519.76893,854838.483,12251.22103
Glansa,50,1,BS,1252.575808,96534.70249,22234.85034,11072.92748,215981.0789,18274.06424
Glansa,50,2,BS,727.1182825,99229.17959,26826.48694,11554.73495,165080.325,12949.18506
Glansa,50,3,BS,548.745212,98348.05807,26244.0669,10063.85399,148936.2856,11922.8711
Glansa,60,1,BS,1124.46406,103169.2216,0,11769.27101,266052.9481,21468.15614
Glansa,60,2,BS,1412.088561,117129.6687,30435.50079,13167.42637,328747.6376,26509.47686
Glansa,60,3,BS,978.7496662,104720.4695,25463.99344,13185.94114,279099.5863,22629.83378
Glansa,70,1,BS,1416.82795,125551.2534,22715.72678,12123.53188,464147.374,34571.71819
Glansa,70,2,BS,1198.879779,133341.3088,24788.49911,13042.58687,355452.4095,24521.50494
Glansa,70,3,BS,1083.762537,135938.9877,25819.46395,12966.73572,367058.2818,24628.09008
Glansa,80,1,BS,1334.465958,118366.0122,20220.24441,11785.97396,476163.5137,32038.48615
Glansa,80,2,BS,1520.356093,141298.4264,27890.18797,12983.37412,483576.3725,30212.32026
Glansa,80,3,BS,1570.06544,156529.7739,31440.74486,13305.26781,506135.8818,31745.95269
Glansa,90,1,BS,1845.945454,140478.0716,37391.60057,12195.42379,604097.821,32303.63883
Glansa,90,2,BS,2067.909113,126261.6822,32503.81245,12286.9091,644453.354,36293.56432
Glansa,90,3,BS,3501.212527,115269.5552,0,10971.24385,691596.7306,41505.90011
Glansa,100,1,BS,2564.492803,130127.0355,22409.87007,11867.75866,728809.2521,37680.36386
Glansa,100,2,BS,3657.683305,149217.7886,27333.31463,11178.68063,703786.1204,32288.10979
Glansa,100,3,BS,3315.677276,118690.9979,0,12797.8138,811542.5524,41786.46512
Glencadam,50,1,SM,2835.929461,86699.79161,11054.54079,31170.9045,379421.7515,30200.87093
Glencadam,50,2,SM,2145.153276,95518.22731,11074.12214,28430.97614,296082.6356,23831.04312
Glencadam,50,3,SM,3366.16699,77657.95155,9754.170528,29935.71234,348173.2768,28893.64943
Glencadam,60,1,SM,6703.351608,80072.18716,10256.91898,32061.73177,781329.5224,66541.55651
Glencadam,60,2,SM,5251.305296,79601.34813,9912.834529,31085.29979,638849.1019,51601.13959
Glencadam,60,3,SM,4288.601942,81798.13874,10417.69698,31830.77701,537096.4584,41411.32013
Glencadam,70,1,SM,5571.809516,82162.4126,10758.38227,33637.8985,725610.2158,49609.47226
Glencadam,70,2,SM,5092.916564,86332.39008,10949.26981,32236.44353,719704.3191,50014.85756
Glencadam,70,3,SM,5374.672657,88458.12334,11123.25401,32171.41805,707186.2332,48557.93332
Glencadam,80,1,SM,7564.186979,96816.72207,12050.23468,37743.73432,1103490.836,62462.04379
Glencadam,80,2,SM,8843.283596,91997.58412,11224.64311,34870.49509,1228445.887,72806.68517
Glencadam,80,3,SM,9445.407823,93209.19373,10779.51923,32392.69059,1232270.302,75187.58765
Glencadam,90,1,SM,10002.56553,98947.08729,12188.96625,36426.59843,1338312.468,64063.24869
Glencadam,90,2,SM,6777.470622,120835.7976,14329.25783,35009.69616,1249540.425,58961.66696
Glencadam,90,3,SM,7142.816727,133425.8667,14757.22421,37625.05495,1303801.382,62859.54129
Glencadam,100,1,SM,11066.80497,111146.8819,11964.97172,34218.71771,1443646.722,59215.60423
Glencadam,100,2,SM,8129.954103,136668.547,14028.31259,32901.93974,1343025.253,51274.82585
Glencadam,100,3,SM,10142.84469,105336.2113,11391.5398,33091.60656,1371140.689,53790.47515
Famous Grouse,50,1,BS,1103.014962,91918.51431,221121.2496,20354.53382,205161.778,6551.81438
Famous Grouse,50,2,BS,1552.615041,95918.36269,248039.7187,26402.42951,249867.0204,7636.434603
Famous Grouse,50,3,BS,1211.411138,88057.8828,222580.0273,20144.3554,182490.4491,5732.1091
Famous Grouse,60,1,BS,1175.353416,99423.65808,283156.4932,20602.6938,279838.2699,8930.765054
Famous Grouse,60,2,BS,1501.635641,93245.07081,290983.1362,22978.89309,293916.0514,8874.771966
Famous Grouse,60,3,BS,1519.88219,96465.11096,283255.4259,22438.75596,294565.397,9535.426561
Famous Grouse,70,1,BS,2266.671065,106997.2206,211877.657,25625.63423,563053.3218,18010.48735
Famous Grouse,70,2,BS,2517.429775,102918.8873,193218.0054,21360.21304,594681.79,20066.05821
Famous Grouse,70,3,BS,1860.997404,101704.2712,198151.1415,23840.13195,484079.4269,14756.54316
Famous Grouse,80,1,BS,3101.679693,115497.9795,0,26804.65561,637965.1182,17469.65147
Famous Grouse,80,2,BS,3115.899348,105228.0553,0,23757.42989,567442.8947,15431.72454
Famous Grouse,80,3,BS,3659.820481,109978.4355,0,26614.89946,721766.5327,21198.77172
Famous Grouse,90,1,BS,1888.892219,157588.5172,122521.3279,22800.35022,614954.6937,14406.81915
Famous Grouse,90,2,BS,4224.779602,114330.6149,0,25763.84441,811623.016,19276.41819
Famous Grouse,90,3,BS,2266.866991,155245.1587,0,21735.24553,633698.5942,14456.8107
Famous Grouse,100,1,BS,5503.790921,124709.3385,216125.9277,23992.24144,886899.8501,18948.05164
Famous Grouse,100,2,BS,3916.060265,131175.2128,216597.1038,23483.60486,852362.8533,17768.92353
Famous Grouse,100,3,BS,4029.009365,155221.5287,276693.3978,23234.31991,810580.283,16921.10446
Highland Park,50,1,SM,1984.140127,42629.36929,0,49309.49467,179237.754,6537.080006
Highland Park,50,2,SM,2545.492203,44750.41292,0,53409.22531,196903.1707,7288.378594
Highland Park,50,3,SM,2188.206275,45319.94808,0,52369.3223,187824.1236,6871.237315
Highland Park,60,1,SM,3253.940174,49370.7635,0,55477.60405,309611.2944,11504.08303
Highland Park,60,2,SM,3403.850142,49077.82642,0,53471.26282,283789.0842,10027.48644
Highland Park,60,3,SM,3455.425706,50200.49782,0,56956.86082,341948.993,13585.06398
Highland Park,70,1,SM,4396.409222,53366.26887,0,57240.90614,414846.8028,13573.6086
Highland Park,70,2,SM,5191.288306,53560.30502,0,57882.4196,485002.9669,17427.00121
Highland Park,70,3,SM,5640.648184,52327.05837,0,53140.61228,359254.1582,10408.88098
Highland Park,80,1,SM,9022.402688,60347.36195,0,58670.6946,532386.7356,12928.42757
Highland Park,80,2,SM,8578.791503,59747.44492,0,58046.06145,516810.7944,12690.31159
Highland Park,80,3,SM,7988.054149,59471.47476,0,56949.19894,519815.2171,12717.98224
Highland Park,90,1,SM,12155.95226,67536.34528,102825.3234,58219.71497,634545.5166,11899.21015
Highland Park,90,2,SM,10393.8401,62391.59397,0,53775.79339,605518.8524,11764.79995
Highland Park,90,3,SM,11881.25475,68979.39285,0,57051.6388,612191.5578,11143.66118
Highland Park,100,1,SM,16221.55468,70575.92365,0,55933.25339,720506.122,10688.08542
Highland Park,100,2,SM,17707.76974,76684.09301,0,57080.18503,712220.1319,9637.280307
Highland Park,100,3,SM,20149.57189,78316.97235,0,57474.01161,700872.9288,9628.212821
Highland Park Dark,50,1,SM,4333.081997,40049.11076,59267.64131,35295.13655,214922.6676,10394.56399
Highland Park Dark,50,2,SM,4484.139962,39759.51692,60097.82221,35937.34388,210854.3212,10773.33656
Highland Park Dark,50,3,SM,4248.922967,39086.50377,59198.18232,34894.13778,247150.0221,14654.72687
Highland Park Dark,60,1,SM,5125.3285,44822.07121,25128.38469,36274.05228,326904.6663,13672.82419
Highland Park Dark,60,2,SM,4789.830973,45486.88173,26650.4929,38118.86392,343490.7362,17144.2853
Highland Park Dark,60,3,SM,5098.493766,43797.33393,26100.12247,37253.74425,323452.6088,14645.72208
Highland Park Dark,70,1,SM,6235.483788,46387.0215,49444.2533,35177.12266,405751.4985,15431.53406
Highland Park Dark,70,2,SM,6228.992779,47552.78222,50459.41509,35004.38496,411699.2304,16037.10163
Highland Park Dark,70,3,SM,6212.632996,47670.88918,52497.75451,37184.83102,443830.419,17829.49368
Highland Park Dark,80,1,SM,8196.466696,53782.90805,22379.1334,34006.12526,487508.9391,13506.8616
Highland Park Dark,80,2,SM,8144.744332,55550.89547,24598.3408,37207.93138,567215.2339,17074.98675
Highland Park Dark,80,3,SM,8585.346532,55093.81501,23509.90242,35004.79869,507854.921,13312.1455
Highland Park Dark,90,1,SM,9941.02884,55219.05884,43622.48668,32461.47283,702055.3571,18014.09933
Highland Park Dark,90,2,SM,10226.11795,59644.15003,45650.66441,35150.28689,659748.3031,15950.88564
Highland Park Dark,90,3,SM,10852.60032,60756.25964,47578.42575,36528.54146,701721.4154,17431.15646
Highland Park Dark,100,1,SM,11947.20886,64375.69487,14224.2497,33152.4365,715964.8586,12959.81215
Highland Park Dark,100,2,SM,12960.88027,63466.42682,13573.9808,34598.42727,740424.7336,13546.31796
Highland Park Dark,100,3,SM,14697.76035,66575.61444,13702.0515,33727.64675,691702.6606,11547.35018
The Irishman,50,1,IW,3075.123179,45564.2907,11932.5951,26512.31297,217100.4369,16544.30141
The Irishman,50,2,IW,2709.388603,58090.60427,13153.05196,26174.32582,206836.5771,14266.35804
The Irishman,50,3,IW,3088.471239,47877.49013,11571.28963,26436.26584,212289.7687,15700.37997
The Irishman,60,1,IW,2380.19378,78377.82318,16698.35713,26510.84392,299508.0777,18751.81764
The Irishman,60,2,IW,2950.224503,66117.75338,14760.52428,25721.19489,308476.5423,20190.79229
The Irishman,60,3,IW,3036.58293,51946.71485,12439.48642,26698.43484,313338.199,21283.74682
The Irishman,70,1,IW,3696.336622,52428.25784,10923.38498,27521.35761,465809.1738,28165.3198
The Irishman,70,2,IW,3623.670935,50305.33691,10520.04664,26065.45844,433389.459,27508.71094
The Irishman,70,3,IW,3158.188557,54687.60616,10162.19798,24856.31861,409038.3663,24849.5726
The Irishman,80,1,IW,3752.037224,58678.02334,12541.02858,28420.81489,621385.6707,35161.83207
The Irishman,80,2,IW,3675.103526,59025.24336,12840.68073,29480.80102,627651.2621,35693.80294
The Irishman,80,3,IW,3511.550934,75224.6476,14927.25429,29248.10547,664176.0071,36010.64621
The Irishman,90,1,IW,3533.75002,77836.57513,14771.26692,28982.14679,753651.6714,35360.221
The Irishman,90,2,IW,4495.894094,62912.65256,13637.08639,30116.55944,816850.4833,40278.02079
The Irishman,90,3,IW,4393.558071,63892.55371,13808.67258,29972.14888,796990.1559,38735.97943
The Irishman,100,1,IW,4103.333664,93665.69471,13190.53715,29260.95114,892995.3396,36361.56281
The Irishman,100,2,IW,5183.857812,112760.3812,15691.6044,30427.72437,946794.3744,33795.71658
The Irishman,100,3,IW,5057.73784,70144.36425,12078.8611,31219.21485,995411.7452,41441.73798
Laphroaig 10,50,1,SM,4058.162932,67220.94697,24318.92611,13219.19676,172159.6299,23804.35846
Laphroaig 10,50,2,SM,4331.900363,68477.52273,25205.93871,14434.31789,188159.0189,25591.2183
Laphroaig 10,50,3,SM,3981.889879,66431.5514,22553.16231,11996.29767,163910.9579,23498.14763
Laphroaig 10,60,1,SM,4002.316241,87346.20148,24375.01479,14682.90693,284950.5073,38373.33476
Laphroaig 10,60,2,SM,4264.006111,78842.59624,20609.09167,15206.83388,275606.2608,36073.1089
Laphroaig 10,60,3,SM,3354.56362,95601.4802,29324.03276,14567.75633,255819.4003,31362.40884
Laphroaig 10,70,1,SM,4134.605251,93155.63739,17491.9761,15003.29607,371385.3957,42669.17451
Laphroaig 10,70,2,SM,4020.497553,100306.1235,20402.58891,14658.58021,355258.4784,40638.80401
Laphroaig 10,70,3,SM,4161.530576,90271.35618,17668.64757,14355.97448,360760.1024,42225.00925
Laphroaig 10,80,1,SM,4191.997388,99793.67647,221730.0731,13988.07253,477929.9539,49636.19398
Laphroaig 10,80,2,SM,5207.371317,84237.36234,171739.1087,14443.08521,628481.4664,70480.59094
Laphroaig 10,80,3,SM,5425.670167,83949.39732,179753.9411,14463.49571,629189.1981,71284.6007
Laphroaig 10,90,1,SM,4316.822563,142434.4161,839515.0232,16983.61355,649417.521,53797.77245
Laphroaig 10,90,2,SM,5450.289103,99710.04896,497141.3406,17246.01763,718239.388,62415.60746
Laphroaig 10,90,3,SM,5009.921933,107355.5395,463303.8817,16083.27843,680467.7252,59881.47917
Laphroaig 10,100,1,SM,6206.093319,102881.6875,38939.33775,16170.60111,855581.6695,64086.17066
Laphroaig 10,100,2,SM,4755.050549,125694.4896,50686.6036,13957.61583,693837.7554,50121.68281
Laphroaig 10,100,3,SM,4932.104538,115406.8954,40220.76239,14030.73802,679939.7714,49374.95988
Maker's Mark,50,1,BU,10036.26577,193817.6222,35313.04565,42789.4709,1069128.048,54790.3151
Maker's Mark,50,2,BU,9345.584077,151578.871,25016.95722,43235.37433,1003805.545,55123.58735
Maker's Mark,50,3,BU,8035.109491,155957.6997,26850.0277,45056.94371,696467.3096,38858.77695
Maker's Mark,60,1,BU,10603.86522,176915.6188,21888.64227,46508.64577,1393867.213,63541.75707
Maker's Mark,60,2,BU,9811.771066,173605.3516,20557.69538,43517.10158,1237217.988,59362.44046
Maker's Mark,60,3,BU,10637.32571,172740.2499,22285.20561,48902.07359,1347279.327,64151.276
Maker's Mark,70,1,BU,7286.533159,230985.5772,26522.12794,42594.44441,1201435.824,41575.39412
Maker's Mark,70,2,BU,10394.76113,170474.1796,17706.86471,42570.1478,1318130.184,49750.50085
Maker's Mark,70,3,BU,10447.72492,192932.8688,18857.98769,40647.88724,1286269.862,47244.04417
Maker's Mark,80,1,BU,9959.289837,242552.4257,18948.9318,39426.71844,1557177.542,40826.00734
Maker's Mark,80,2,BU,11504.35369,183948.3007,14024.61228,37034.19747,1508760.176,41898.65751
Maker's Mark,80,3,BU,10820.00205,243715.8501,19280.12923,39727.95494,1573030.396,40231.88748
Maker's Mark,90,1,BU,10232.02953,230467.8851,17269.98212,36097.35582,1677183.023,32545.50056
Maker's Mark,90,2,BU,10868.02594,216383.1635,18784.95609,37251.97031,1744176.363,33297.41634
Maker's Mark,90,3,BU,10231.90897,260346.1601,23527.38573,37120.41404,1698742.645,31022.75393
Maker's Mark,100,1,BU,9003.709516,251327.6058,40838.37077,38543.93148,1873093.955,25882.02175
Maker's Mark,100,2,BU,8013.729048,263603.6881,43693.79947,36252.74249,1733614.986,24271.61511
Maker's Mark,100,3,BU,9791.898427,270251.5202,39325.53073,34812.25521,1702126.873,23785.32469
Michter's Rye,50,1,RW,1418.901957,45927.6025,7403.127835,31991.85864,107747.512,6491.14044
Michter's Rye,50,2,RW,1428.452377,44437.03864,6347.952317,27677.72558,83377.70194,4739.691711
Michter's Rye,50,3,RW,1881.528079,41744.58196,6289.56147,28508.8581,84827.25554,5128.647998
Michter's Rye,60,1,RW,2207.054756,44853.85984,138747.494,27537.58756,123605.6112,6313.078487
Michter's Rye,60,2,RW,2165.449089,48996.14511,177533.9443,28579.50058,121154.4024,5874.552997
Michter's Rye,60,3,RW,2716.465714,44435.69548,151257.3573,29561.83869,130684.485,6704.144262
Michter's Rye,70,1,RW,1125.064139,54083.05182,73423.23713,33273.31651,206835.4767,9449.599168
Michter's Rye,70,2,RW,2355.424647,51959.25777,75204.92622,31659.61766,188105.7916,8285.407405
Michter's Rye,70,3,RW,2157.389812,53663.51252,81142.06238,30441.35371,176256.291,7143.801342
Michter's Rye,80,1,RW,2485.782428,58954.21865,104040.1663,29729.96471,259241.2344,8568.167871
Michter's Rye,80,2,RW,4436.359913,54547.4763,93908.25577,36675.29131,313509.8415,10288.01452
Michter's Rye,80,3,RW,1565.754608,60501.34786,116627.4379,30301.48081,226197.7682,7583.684369
Michter's Rye,90,1,RW,2754.714793,61716.46035,92319.74721,30101.353,291281.0191,8567.821364
Michter's Rye,90,2,RW,2631.430319,62625.70456,98321.47425,29390.79403,268715.0194,7476.580491
Michter's Rye,90,3,RW,5481.848908,51168.98757,73835.71433,31845.13833,300236.4672,9079.407247
Michter's Rye,100,1,RW,5028.508776,61571.58765,8704.270537,34954.07432,423199.9181,9977.013336
Michter's Rye,100,2,RW,5752.428485,57245.73722,10459.65474,33191.44974,388680.2197,9014.489965
Michter's Rye,100,3,RW,5020.545757,59693.29658,10304.02964,32921.82128,384365.8755,9023.326524
Monkey Shoulder,50,1,BS,3157.893919,62611.11823,29474.71604,10376.94621,107215.76,14779.82428
Monkey Shoulder,50,2,BS,3718.34435,47565.20171,19689.99542,10321.14306,113271.9164,16167.52783
Monkey Shoulder,50,3,BS,3563.374116,52487.34154,21536.90372,10988.0619,141068.0089,20964.50291
Monkey Shoulder,60,1,BS,3851.986211,52762.00385,18631.78279,10299.72969,167497.8278,23235.46581
Monkey Shoulder,60,2,BS,3652.624902,52702.29992,17697.28718,9187.070575,151400.5769,21239.57244
Monkey Shoulder,60,3,BS,3050.584129,62351.01258,23587.76955,9176.23337,144211.0763,19093.22429
Monkey Shoulder,70,1,BS,3725.315908,67100.40994,21990.07102,10872.98394,263043.0552,32800.3298
Monkey Shoulder,70,2,BS,3235.985671,70721.29969,24104.0457,10558.37738,230656.5667,27566.29647
Monkey Shoulder,70,3,BS,3000.669244,79177.12203,25646.86594,10762.21636,248548.5868,29644.13747
Monkey Shoulder,80,1,BS,3839.676187,69877.37223,18270.85553,10743.41271,304979.1201,32745.35236
Monkey Shoulder,80,2,BS,4586.029464,58639.91701,16049.15765,10931.25951,418716.1135,47001.24862
Monkey Shoulder,80,3,BS,3792.04416,74352.99624,19804.76288,10713.3789,302741.2607,31194.72538
Monkey Shoulder,90,1,BS,3804.403705,94566.11717,25726.41961,11104.53828,390134.0901,32797.57856
Monkey Shoulder,90,2,BS,3373.364063,89244.938,25523.63113,11080.6324,384863.2625,34032.29887
Monkey Shoulder,90,3,BS,4327.311844,76186.85915,19484.52458,10602.03756,397875.052,36051.29381
Monkey Shoulder,100,1,BS,4825.713607,64627.53896,24262.17417,10264.7223,490448.1576,37911.69416
Monkey Shoulder,100,2,BS,5086.612433,64511.91812,23587.58389,10347.75988,499375.4051,37891.14103
Monkey Shoulder,100,3,BS,4106.211816,104253.6705,47517.83946,11348.39828,447321.2252,29904.57215
Four Roses,50,1,BU,3085.551234,27491.34598,53039.36843,17715.14872,126799.8446,6224.637404
Four Roses,50,2,BU,2898.127297,26790.73621,56453.26492,18163.1396,130970.1879,6116.411158
Four Roses,50,3,BU,2945.267472,27984.92462,57389.42922,18534.56241,154652.5998,7082.246485
Four Roses,60,1,BU,3339.407151,31123.02383,40858.21386,19059.35325,304631.324,14465.28711
Four Roses,60,2,BU,3268.58024,30873.19753,40069.32898,19024.52071,209516.7254,9422.106844
Four Roses,60,3,BU,3218.294802,30509.00096,40591.57604,19037.9652,196302.3332,8337.17161
Four Roses,70,1,BU,3307.264303,33607.71482,51745.8212,19735.33987,282944.1658,11046.56804
Four Roses,70,2,BU,3507.97509,33125.33358,51557.04411,19997.54419,298618.7526,11615.42762
Four Roses,70,3,BU,3460.95789,32611.74477,48907.94382,19034.92386,274767.7522,10879.54946
Four Roses,80,1,BU,3540.784433,35699.06711,49615.8193,19540.46343,388488.1872,13431.12843
Four Roses,80,2,BU,3419.766435,34455.16334,48251.18923,19052.01319,364848.269,12445.62418
Four Roses,80,3,BU,3662.235321,35852.86808,46397.83911,18948.86599,395902.2381,14263.07347
Four Roses,90,1,BU,4046.020061,38652.05291,25221.3872,19802.61548,498933.1872,14950.73422
Four Roses,90,2,BU,3995.079632,38383.8501,24097.11704,19381.81,478878.6123,14370.99637
Four Roses,90,3,BU,4314.192639,39077.90668,24302.32968,19407.66749,504434.3932,15680.54666
Four Roses,100,1,BU,4451.305402,39219.15687,32015.82083,19313.55683,559933.1819,13438.99583
Four Roses,100,2,BU,4599.416752,40438.58417,32475.40964,19205.24794,552395.6407,13044.20852
Four Roses,100,3,BU,4582.212728,39931.74314,32405.97765,19536.63758,553356.0087,13064.74296
Russell Reserve,50,1,RW,0,60103.99909,0,17998.38599,216816.8438,13178.91052
Russell Reserve,50,2,RW,0,73502.40836,2190.917846,19084.1792,215745.019,11734.42029
Russell Reserve,50,3,RW,0,56508.85909,0,19149.69406,189893.9402,11988.46926
Russell Reserve,60,1,RW,493.0918958,60865.00828,2095.185036,19267.85223,464729.1311,26459.35373
Russell Reserve,60,2,RW,0,61558.34138,1667.359883,19077.77174,290885.3253,15653.09393
Russell Reserve,60,3,RW,0,73445.95919,2624.091074,19963.35863,322339.9572,15828.80994
Russell Reserve,70,1,RW,0,70308.33328,0,22319.01226,473693.289,21632.73638
Russell Reserve,70,2,RW,0,65833.79047,1709.270328,20747.20289,439886.5954,20626.16277
Russell Reserve,70,3,RW,732.6855233,66052.56618,0,21593.35918,669732.3009,31868.44528
Russell Reserve,80,1,RW,1550.247812,69869.25719,2659.577989,21664.19649,730479.2511,27606.45708
Russell Reserve,80,2,RW,1028.670503,75536.7349,2675.991031,21463.49532,688555.6203,27940.98471
Russell Reserve,80,3,RW,2199.526141,69214.93837,2565.107191,21489.66084,805892.984,32576.65646
Russell Reserve,90,1,RW,2576.018491,74906.32816,2664.697486,21859.39072,836741.1135,25805.64165
Russell Reserve,90,2,RW,2195.149,82872.89279,3492.634534,23184.91813,889297.3784,26998.06267
Russell Reserve,90,3,RW,1372.450235,74042.54801,2083.406159,20864.71822,744995.6502,23953.18493
Russell Reserve,100,1,RW,1509.426295,78736.79071,2246.854938,20697.28046,816463.4757,20187.15508
Russell Reserve,100,2,RW,0,104383.8645,3519.202054,21189.04682,786090.3112,17314.84449
Russell Reserve,100,3,RW,1892.280735,79081.76153,2273.897481,21365.33939,853802.352,21126.15629
George T Stagg,50,1,BB,5424.368656,28012.9071,93312.87839,16166.88096,268272.7619,8463.457807
George T Stagg,50,2,BB,6173.596511,28500.6751,93039.91675,16293.93718,253028.4618,6624.779156
George T Stagg,50,3,BB,6641.284885,26986.44717,92713.69256,16550.42817,480188.4601,18578.46286
George T Stagg,60,1,BB,7810.675981,32552.42371,23895.61504,14103.9916,300692.5493,5960.904271
George T Stagg,60,2,BB,7295.971723,31037.956,23875.45558,14753.57051,337735.4495,7539.013297
George T Stagg,60,3,BB,8202.022901,32667.89449,25847.89592,16050.53542,400509.2579,9830.880544
George T Stagg,70,1,BB,11582.02581,38296.00602,44975.50604,14113.1763,436661.5757,6778.090587
George T Stagg,70,2,BB,9389.961294,34845.05564,44853.33335,13770.41316,495593.133,8468.546549
George T Stagg,70,3,BB,11138.88116,38887.43432,44816.61927,13676.29761,380118.1173,5031.360344
George T Stagg,80,1,BB,13133.82223,43632.80985,68222.41224,11908.92532,427122.0923,3745.032978
George T Stagg,80,2,BB,12290.78142,39621.47595,71138.78038,12238.82921,474142.942,4950.222714
George T Stagg,80,3,BB,12276.1239,43421.79792,72107.22173,12494.63272,433561.9819,4065.46734
George T Stagg,90,1,BB,12768.23275,41139.11965,36683.62996,10957.00682,469865.7981,3387.092709
George T Stagg,90,2,BB,10554.06372,37166.1301,36754.26002,11170.68241,530293.727,4520.752171
George T Stagg,90,3,BB,13676.90261,45295.74429,38134.92922,11094.91916,443908.7387,2864.960365
George T Stagg,100,1,BB,9318.881561,35644.83051,39512.98354,9927.525115,515753.4677,3267.004618
George T Stagg,100,2,BB,12791.62445,41152.23618,41275.00368,10001.00315,477638.6179,2482.22427
George T Stagg,100,3,BB,12194.27615,38777.11057,36352.04771,8928.078613,420109.7599,2014.608006
Teeling,50,1,IW,2070.615925,59290.08496,11828.05686,6373.00148,135437.156,8621.629829
Teeling,50,2,IW,2353.386288,56905.35645,10227.63361,6056.576671,134360.3469,9264.754842
Teeling,50,3,IW,2692.685588,55354.01872,10328.81523,6550.400196,221528.8587,15340.67492
Teeling,60,1,IW,2744.868188,61316.11578,12365.51629,6482.575193,210618.1996,13341.80229
Teeling,60,2,IW,3494.862074,60688.31061,11893.74785,7400.008785,243274.1438,15703.91885
Teeling,60,3,IW,2446.895693,63792.15937,12592.40984,6379.87306,292233.5005,18783.73621
Teeling,70,1,IW,3864.219117,66654.91348,11187.56287,7334.253774,414984.7682,23818.54461
Teeling,70,2,IW,2686.807133,67455.869,10838.96705,6627.769217,401226.1975,22422.43553
Teeling,70,3,IW,4030.902086,63913.86887,11190.90265,7465.28597,370881.8867,20600.90755
Teeling,80,1,IW,5039.662798,71423.42789,15427.55817,7212.345297,455324.9655,20785.66762
Teeling,80,2,IW,4944.429889,71537.01524,16271.32657,7615.83473,457879.7588,20892.429
Teeling,80,3,IW,3260.046874,76813.38961,16458.0858,6845.95117,483532.6199,22684.38397
Teeling,90,1,IW,5243.626927,71211.98315,11113.15905,6175.954487,547426.6922,19600.98321
Teeling,90,2,IW,5213.016194,73504.03402,11617.61954,7297.080411,591806.5944,21564.7057
Teeling,90,3,IW,5794.774705,75421.00217,12197.60467,7297.839492,551213.5345,19726.16385
Teeling,100,1,IW,4984.180263,84458.58389,10645.26984,6665.946278,521500.4244,14281.54425
Teeling,100,2,IW,6093.96217,81662.10256,10640.49212,6607.331386,533812.715,14291.21189
Teeling,100,3,IW,6722.703374,76890.31504,9016.963894,6794.426309,576756.8985,16221.92781
Tullamore Dew,50,1,IW,3092.517605,17704.88435,4768.610845,8072.228643,133450.5753,5542.865863
Tullamore Dew,50,2,IW,1718.2594,39283.89958,5930.853431,8454.163726,78918.37014,3089.907439
Tullamore Dew,50,3,IW,2058.010309,36537.92895,4811.275125,7882.778707,77280.83469,3342.372038
Tullamore Dew,60,1,IW,2663.799884,40970.61621,5483.54548,9694.382388,157768.207,6689.000555
Tullamore Dew,60,2,IW,2231.785615,37179.60029,4884.040953,7861.873473,118594.7975,5021.350006
Tullamore Dew,60,3,IW,1716.149919,43187.11017,6405.881314,8673.302998,137600.5322,5663.222362
Tullamore Dew,70,1,IW,3295.615221,43872.75152,7162.364112,9249.198019,177788.444,6577.664758
Tullamore Dew,70,2,IW,2032.242138,46733.84575,7805.010499,9027.545875,181170.8844,6463.409623
Tullamore Dew,70,3,IW,3472.801201,42932.68607,6883.395767,9635.120914,185278.9729,7028.373255
Tullamore Dew,80,1,IW,2995.567715,47828.14209,6732.828635,8649.005825,210125.7573,6893.752936
Tullamore Dew,80,2,IW,3239.980492,45605.61784,5916.549408,9413.533309,294272.7179,10110.78237
Tullamore Dew,80,3,IW,3075.464647,46238.78109,6202.517955,8291.766896,212712.8989,6965.819386
Tullamore Dew,90,1,IW,2873.7584,55708.41008,6185.601457,8671.040387,254965.3046,6775.196659
Tullamore Dew,90,2,IW,4939.337381,49172.11547,5211.216881,9189.425296,297096.1835,7841.127685
Tullamore Dew,90,3,IW,4121.218531,49912.72268,5267.576928,9433.66495,296475.3031,8221.761247
Tullamore Dew,100,1,IW,6016.563681,48012.28122,5984.768848,8678.645398,330066.7754,6961.402793
Tullamore Dew,100,2,IW,4286.186025,48305.56155,5696.88071,7723.908297,291993.4036,6703.377242
Tullamore Dew,100,3,IW,3456.969891,53815.16682,6441.742756,7907.18298,281799.945,6238.082544
Wild Turkey,50,1,BU,4389.722837,25178.38434,21161.61056,11302.07567,163573.0671,5387.632555
Wild Turkey,50,2,BU,4098.069615,24030.01204,20031.65762,11495.04404,167361.4019,5451.504053
Wild Turkey,50,3,BU,4284.728413,23420.32693,19125.66175,10739.91864,146156.979,4321.233432
Wild Turkey,60,1,BU,5055.182717,27218.39214,12840.67357,11806.87121,336435.6338,10530.96435
Wild Turkey,60,2,BU,4752.892615,27001.68803,13720.05189,11689.55984,262563.1127,7685.278143
Wild Turkey,60,3,BU,5040.427344,26628.54402,13259.1148,11574.01214,326487.448,10073.39237
Wild Turkey,70,1,BU,6020.11902,31305.9423,8943.815166,11396.45624,312330.4824,6385.025617
Wild Turkey,70,2,BU,5401.883324,28518.90713,9636.438917,11401.59515,375137.3249,9095.195519
Wild Turkey,70,3,BU,5979.56166,30939.62501,9199.169141,11631.13737,308331.6641,6456.037273
Wild Turkey,80,1,BU,7728.092453,35272.68368,10135.27895,10221.86337,368860.6831,5219.075186
Wild Turkey,80,2,BU,7399.076783,33336.97606,10973.83897,10418.61859,384988.3186,6313.573926
Wild Turkey,80,3,BU,6330.794798,31483.78816,10861.86558,10048.15178,368425.6608,6534.310738
Wild Turkey,90,1,BU,10029.50065,42636.49566,23944.90849,9517.074171,353013.4448,3389.887302
Wild Turkey,90,2,BU,10755.63432,42683.09723,24339.87647,9670.500361,354902.8527,3219.42876
Wild Turkey,90,3,BU,8165.418506,37731.1204,24226.33767,9643.296396,410039.3494,4639.318201
Wild Turkey,100,1,BU,8237.321605,35019.91957,20961.7638,8515.976684,455727.2078,4158.537687
Wild Turkey,100,2,BU,10850.63047,43076.08374,22354.50233,9150.781158,396061.983,2927.769386
Wild Turkey,100,3,BU,9954.235406,41092.73426,21618.42985,8696.880439,371533.6381,2983.358316
Woodford Rye,50,1,RW,2616.909329,66676.67468,13534.90265,38682.86203,161123.6048,12021.87812
Woodford Rye,50,2,RW,2603.999775,66721.32517,15944.06844,37394.6111,150304.0984,11527.74699
Woodford Rye,50,3,RW,1688.139008,69740.82618,12848.79035,33143.01116,135291.3226,9712.919897
Woodford Rye,60,1,RW,1314.567157,83668.61838,14033.60404,37719.32167,227228.5449,14013.81278
Woodford Rye,60,2,RW,3199.251407,73189.07152,14089.85231,37800.63489,228870.8012,15125.80375
Woodford Rye,60,3,RW,3270.943404,70990.75267,11854.63612,40480.97798,257414.9839,17220.17158
Woodford Rye,70,1,RW,4662.895904,81775.46426,10245.91183,43684.6348,375526.5641,20227.27889
Woodford Rye,70,2,RW,2406.740333,88356.6095,11510.51527,36176.59661,290012.5019,14932.81836
Woodford Rye,70,3,RW,3481.321493,87882.88886,12378.58417,40584.60078,333441.9273,18151.30093
Woodford Rye,80,1,RW,3103.195857,90764.93499,9296.437454,36030.16926,381179.6308,16637.21462
Woodford Rye,80,2,RW,4292.973882,83830.29842,9377.052002,37219.95547,413411.8669,19338.48635
Woodford Rye,80,3,RW,5626.820577,80040.89135,9799.663252,40223.18479,434721.8681,19620.85994
Woodford Rye,90,1,RW,6673.576626,93887.79289,10999.06212,38887.27343,512034.2849,17407.17027
Woodford Rye,90,2,RW,6857.084711,90668.09219,11218.86375,41897.788,563985.7384,20218.74772
Woodford Rye,90,3,RW,3408.481901,93437.4178,9585.638629,37489.75641,548685.7794,20261.85121
Woodford Rye,100,1,RW,6024.752442,102056.3383,9924.419699,38850.7828,637208.6088,18273.5752
Woodford Rye,100,2,RW,5510.529174,105611.7028,10216.64389,37531.62434,592102.6299,16582.54057
Woodford Rye,100,3,RW,5100.919829,105934.8261,11003.80669,36581.76485,573375.5337,15989.7398
