Whiskey,Percent.whiskey,Rep,Style,"1-Butanol, 2-methyl-, acetate","1-Butanol, 3-methyl-, acetate","Acetic acid, 2-phenylethyl ester",Lauryl acetate,Ethyl Acetate,"Acetic acid, decyl ester",1-Tetradecyl acetate,"Farnesol, acetate","Acetic acid, hexyl ester","Acetic acid, heptyl ester"
Peat Monster,50,1,BS,468120.8807,3220913.447,1899523.368,45895.05627,4423385.448,151557.5976,63150.9766,49544.84981,109428.3817,21252.40758
Peat Monster,50,2,BS,371792.9523,2611294.724,1605788.75,30702.29775,3574433.49,102271.5288,39582.74931,30429.97269,84301.27187,15235.50142
Peat Monster,50,3,BS,296067.169,2105811.086,1523752.673,33426.23733,2775781.726,85910.62276,51122.6301,39113.5573,68026.08741,12676.13109
Peat Monster,60,1,BS,435890.8287,3084734.334,1583184.868,43143.29873,4810833.937,123980.8464,57324.14038,39366.12288,96369.52638,17186.81319
Peat Monster,60,2,BS,126331.5668,1191103.302,1142296.814,31583.87376,4006825.72,82038.10612,37961.25655,30140.26532,65612.78418,12530.52095
Peat Monster,60,3,BS,292129.1739,2160373.402,1298517.029,44017.11062,2933397.186,96632.20367,54809.80724,41761.59154,67758.06292,12694.58235
Peat Monster,70,1,BS,386240.965,2725822.28,1257950.496,38434.63407,4610374.025,91671.0281,39243.69379,26701.93837,81453.66428,13237.02258
Peat Monster,70,2,BS,277819.6817,1922112.194,968110.5044,30923.8294,3728899.248,57317.07262,40243.68491,20645.58388,52020.05569,7780.230265
Peat Monster,70,3,BS,241345.6335,1798365.738,1086520.796,36582.00239,2910363.017,63482.96031,56415.16382,24284.53775,52131.94305,9077.964872
Peat Monster,80,1,BS,353529.2735,2556625.585,1119069.773,31390.36112,5088065.307,53070.64322,50172.38972,17913.68098,66921.1188,10638.69996
Peat Monster,80,2,BS,240446.7248,1677878.593,936818.0765,25266.46591,3509739.503,37163.78962,43981.29423,11953.28642,46571.35098,6857.159524
Peat Monster,80,3,BS,84258.68486,760641.8225,674549.3179,20507.51429,3263177.946,26900.62891,41177.30162,10804.39584,33542.85392,5554.768896
Peat Monster,90,1,BS,300115.0577,2171710.44,835473.9166,14559.20551,5578974.971,24088.84254,32537.29841,9178.324323,56134.74251,8175.086683
Peat Monster,90,2,BS,217582.9619,1572904.929,688469.4667,13425.35388,4022854.002,20464.00312,41036.73742,8027.016727,40388.86841,5194.977349
Peat Monster,90,3,BS,171853.9269,1263954.012,616152.6359,13825.32404,3070931.701,18923.77351,40601.79446,4868.45927,32727.34045,4865.767881
Peat Monster,100,1,BS,232657.4425,1619177.74,614246.9548,5572.492512,4999232.405,11345.51026,11255.04575,3404.318801,40487.49391,4937.001694
Peat Monster,100,2,BS,175095.9221,1221642.757,621683.089,7249.325685,3800165.043,12879.12743,15182.81573,4762.00861,32321.89479,4579.370246
Peat Monster,100,3,BS,139159.9878,1046777.378,413482.6079,4081.108919,3066290.692,8165.436949,7905.914704,1811.479428,26427.53096,3041.033587
Aberlour 12,50,1,SM,64500.4151,473828.2902,562454.2657,7955.099683,1816199.855,58428.02566,4968.940349,13606.11034,31151.2806,5871.854749
Aberlour 12,50,2,SM,136532.8598,728784.5027,687073.5465,9555.113256,1861756.366,72400.28133,5996.212045,15970.17409,46745.84526,7476.949236
Aberlour 12,50,3,SM,119782.5344,633575.9616,597509.4894,8158.293176,1719245.245,59544.77279,6354.168837,13393.85287,39260.57981,6262.243615
Aberlour 12,60,1,SM,139500.7287,732034.6349,625334.1004,9232.430434,2026663.914,62456.62598,4760.668546,13868.3965,44768.1108,7141.814109
Aberlour 12,60,2,SM,124220.3815,631348.3633,572190.8977,8232.978921,1952468.668,54535.76138,5902.696129,12237.10526,32358.02087,5385.0958
Aberlour 12,60,3,SM,120326.6447,627144.6231,632033.2142,9210.177284,1771918.554,58494.11405,5223.281265,12950.82367,37340.7701,5725.729033
Aberlour 12,70,1,SM,127843.1562,691531.3441,633075.3772,11923.93753,2188875.149,52506.79326,7745.756468,15177.26054,38210.73961,5591.430556
Aberlour 12,70,2,SM,121190.2176,614288.6202,513583.6331,9320.563557,2280325.211,44096.8758,5127.220698,10876.98207,29335.56731,4851.297066
Aberlour 12,70,3,SM,112995.9926,609822.4192,541903.8243,10033.75803,2194548.796,42441.24832,6110.260088,12130.741,33948.85127,4285.484239
Aberlour 12,80,1,SM,111796.5452,592427.7591,465488.7111,8104.522407,2271711.409,30111.85321,7166.556423,7911.403278,31625.40063,4612.260621
Aberlour 12,80,2,SM,100150.0942,491786.9226,403432.9376,6704.426768,2219067.574,25203.98039,5540.374469,6372.020491,25452.11414,3224.488543
Aberlour 12,80,3,SM,103422.102,546962.2677,465517.7822,7488.869388,2285018.821,25933.77271,7636.84702,8151.860637,28781.57744,3715.617445
Aberlour 12,90,1,SM,45699.02899,266406.4211,361224.3546,2662.209996,2390903.762,12754.08883,2499.508619,2688.107891,18991.66564,2517.085264
Aberlour 12,90,2,SM,44702.90696,266385.2772,347672.0824,2185.6615,2462504.192,12202.38195,1889.07701,1841.874297,18152.38023,2521.035002
Aberlour 12,90,3,SM,90263.76913,464245.5952,345896.6332,2235.344514,2520538.134,12023.32272,1626.830809,2248.578218,21405.72709,2641.614208
Aberlour 12,100,1,SM,96391.2464,394892.414,289565.109,707.5876941,2460754.758,6378.472157,125.5663057,870.002852,18864.4288,1910.509396
Aberlour 12,100,2,SM,76354.17368,375316.4004,262931.0247,496.1074584,2308955.276,5956.792131,0,427.8997279,18948.63484,1793.577787
Aberlour 12,100,3,SM,34319.45611,211175.9722,237312.0559,505.8322764,2508373.789,4986.821484,0,503.019128,15270.78692,1850.451793
Basil Hayden's,50,1,BU,105670.7108,551322.6414,318561.2231,2054.64484,3738025.822,10906.83597,0,1156.016755,47829.97294,28944.20182
Basil Hayden's,50,2,BU,106149.9209,556722.4704,327517.4804,2095.306604,4021391.465,10335.09453,0,1162.607773,46516.43748,27358.4079
Basil Hayden's,50,3,BU,249246.4841,1153796.199,382892.6308,2687.616267,4110642.664,14290.12428,155.1699652,1596.849793,62134.86495,37848.13007
Basil Hayden's,60,1,BU,214723.828,1003355.799,340605.6274,2143.409808,3859458.107,10569.57758,42.04291742,1473.051942,52653.21676,29556.63019
Basil Hayden's,60,2,BU,208528.9875,933277.0338,323616.973,1956.207725,3997390.623,10200.12148,0,1266.491278,47991.80944,27864.486
Basil Hayden's,60,3,BU,199533.4501,904667.3587,313545.1102,1974.145624,3593670.886,10324.47109,0,993.2818618,47042.6536,26864.41483
Basil Hayden's,70,1,BU,210968.6248,979307.1568,255765.6716,1044.119418,4611359.732,5047.888251,0,817.5148358,45598.15246,22636.84175
Basil Hayden's,70,2,BU,153290.8691,674157.7249,166248.4217,845.589906,4021518.011,4159.406997,0,643.0780471,33644.6288,16916.09437
Basil Hayden's,70,3,BU,218247.4948,999939.393,316233.6367,1465.628833,4463612.417,6681.941566,0,1099.575865,47933.62048,24864.65381
Basil Hayden's,80,1,BU,173493.6693,794918.4832,238042.4023,565.4307188,4826353.5,2821.85804,0,806.0632856,34758.4775,17346.08745
Basil Hayden's,80,2,BU,78188.71742,424076.3671,234458.3488,697.1054678,4596654.05,2253.483164,0,1000.91051,30129.32319,14852.44404
Basil Hayden's,80,3,BU,181720.881,824108.1177,234844.1794,698.5879193,4490861.986,2924.168925,0,1355.85456,36228.80577,17085.38157
Basil Hayden's,90,1,BU,150184.5648,694356.0841,203442.8051,219.0842146,4484097.998,1313.855468,0,818.6019388,28770.10579,12180.26795
Basil Hayden's,90,2,BU,154253.2326,694799.0985,195313.0418,289.3159084,5036428.741,459.0935319,0,735.3153757,27598.41132,12248.04892
Basil Hayden's,90,3,BU,73955.83307,389498.981,195822.9695,300.8759146,4634152.511,601.3267982,0,856.9687637,27488.39057,12377.99596
Basil Hayden's,100,1,BU,131255.7619,606328.3679,142588.116,0,4813857.521,0,0,0,23756.32921,8567.278485
Basil Hayden's,100,2,BU,130224.0522,607926.9331,162989.6305,175.1858058,4588170.677,30.25240761,0,0,24334.00397,9094.758801
Basil Hayden's,100,3,BU,288648.2268,1064642.353,257856.5889,71.21836078,4750748.866,0,0,0,16550.51737,4151.520797
Black Bottle,50,1,BS,81535.79306,427005.8184,233262.8819,12754.65506,607242.7987,32909.65963,10333.25381,14747.06938,17328.58499,1836.192036
Black Bottle,50,2,BS,74353.04292,360024.4836,218688.6587,11256.06382,558644.3341,28836.89999,9511.63884,11921.67038,14769.70212,1339.689793
Black Bottle,50,3,BS,80075.59454,402455.5902,206095.1198,10961.53671,596657.5381,32806.50425,6880.765011,10536.79211,16221.19478,1690.583801
Black Bottle,60,1,BS,68477.15098,355623.6036,224717.7677,13239.30038,549464.9843,25564.97481,10332.3487,13498.44074,13973.8523,1152.060173
Black Bottle,60,2,BS,71233.45143,362113.9667,217717.7128,11567.63996,575226.5137,25699.38038,11030.11953,9901.126354,14225.8694,1209.105465
Black Bottle,60,3,BS,67779.64679,334871.0937,189997.6537,11084.73986,609865.7515,22571.82171,7960.478455,9760.263305,12985.74071,873.3847358
Black Bottle,70,1,BS,34130.36936,228495.0581,155959.3787,7095.882376,854080.1473,13956.77313,8379.261479,4369.584439,12392.87302,610.5714307
Black Bottle,70,2,BS,74117.9775,377728.5417,172533.9372,7805.567215,833204.6695,14499.47154,10559.63349,5655.932003,12876.19542,545.5924303
Black Bottle,70,3,BS,72149.388,365395.0451,157435.1001,7581.96501,835807.1093,13759.29364,9658.382585,5817.031242,12467.11334,574.9473016
Black Bottle,80,1,BS,72134.18884,379514.6037,135408.3594,3499.027781,884965.7572,8594.344768,5549.459921,1913.072549,12129.70697,383.06339
Black Bottle,80,2,BS,75647.44594,388619.9516,106510.4519,2165.610559,929694.9441,7829.093471,2745.52578,1077.378242,12635.45382,611.3514943
Black Bottle,80,3,BS,67309.89405,348245.717,126950.3039,3304.417395,869120.8327,7819.003908,4837.518657,1897.295112,11648.24918,1630.297049
Black Bottle,90,1,BS,59239.07916,277350.0998,96739.07726,590.7232096,846573.3459,2852.31147,423.9298343,490.8865617,9760.237222,1249.604102
Black Bottle,90,2,BS,62472.89144,315120.6961,118044.4888,980.2360307,859168.8277,4254.928437,1916.895307,927.240782,10403.78651,310.4309934
Black Bottle,90,3,BS,59203.53576,295173.7245,108579.0879,1219.377656,872993.4784,3587.416949,1136.255794,780.5656005,10014.90777,1723.327875
Black Bottle,100,1,BS,51757.54051,263956.0792,92361.2186,411.596914,891713.2486,1235.251597,0,273.3901125,8608.368786,0
Black Bottle,100,2,BS,51875.88264,256386.9944,90394.63146,281.6942486,928759.9882,698.3707083,0,369.810129,8818.37179,1240.671499
Black Bottle,100,3,BS,61105.97525,239245.5594,86979.11282,343.8420614,896175.9899,429.1842113,0,575.3224381,8358.538576,887.3705732
Bulleit,50,1,RW,96132.12315,444183.9911,42931.71138,1191.316093,3700474.729,2068.875896,0,515.9470681,10155.46282,2432.106996
Bulleit,50,2,RW,96319.907,444550.4644,44346.10343,1184.20029,3849688.709,2115.372443,0,394.2681034,9880.284202,2309.127439
Bulleit,50,3,RW,95575.24509,434859.5974,40100.93707,856.0013193,3718089.665,1795.655839,0,0,9679.047552,2236.310284
Bulleit,60,1,RW,83708.28556,386895.087,38302.20248,1489.487349,3880158.342,1094.309629,0,0,10043.66137,1692.719532
Bulleit,60,2,RW,82589.86196,382769.5959,38990.18371,1259.569749,3786817.336,823.8394409,0,626.0465572,10130.29022,1680.241102
Bulleit,60,3,RW,85263.21567,393696.2028,37432.30594,1210.398088,3882010.521,555.7227303,0,553.3712728,10512.65008,1686.463216
Bulleit,70,1,RW,70959.55424,329395.6538,33846.76715,1628.703403,3976925.694,0,0,806.4795295,12185.30126,2119.97372
Bulleit,70,2,RW,67316.15237,315038.5522,30686.11526,1773.461512,3860122.266,0,0,459.0074592,11807.59624,2073.313709
Bulleit,70,3,RW,71201.40987,329562.0715,33152.96107,1626.34424,3994715.269,0,0,0,12478.03799,2245.091197
Bulleit,80,1,RW,54785.17136,253030.808,27606.46456,2681.590622,4013223.283,4202.758963,0,547.8720779,15303.15291,4484.8344
Bulleit,80,2,RW,54665.5884,249967.8099,29692.96468,3239.582668,3834037.428,4470.778477,0,353.9811145,15704.52673,4406.230118
Bulleit,80,3,RW,53277.26285,251172.9877,23705.93778,2140.739227,3880445.698,3606.463707,0,309.2028814,12839.54652,3675.150863
Bulleit,90,1,RW,40885.92731,185397.3063,19640.29971,2165.488071,3500189.446,6124.396526,0,137.6716429,9872.511122,3213.34965
Bulleit,90,2,RW,42112.22027,187388.2596,23169.31001,3034.591287,3409758.567,7238.668986,0,0,10213.47592,3482.793236
Bulleit,90,3,RW,42388.20653,189234.9506,19959.18516,1744.661322,3577804.626,5431.340118,0,0,9324.578192,2970.077247
Bulleit,100,1,RW,32802.32377,145586.2223,16049.80175,409.9398914,3529451.612,2051.896166,0,0,7463.010043,1417.426157
Bulleit,100,2,RW,30630.16362,134643.4231,13853.09423,63.9432586,3236958.941,2245.74002,0,0,7489.549176,1646.607376
Bulleit,100,3,RW,32101.42027,146549.9728,14593.55176,386.2930305,3532902.596,2209.200869,0,0,7694.166317,1812.789801
Bunnahabhain,50,1,SM,133166.6407,1029169.836,575812.2558,17341.90343,1356003.876,58275.29294,20129.40188,13524.89139,30821.34629,7933.495982
Bunnahabhain,50,2,SM,139837.0617,1060005.733,528650.2844,13746.54226,1390321.979,47794.17186,18890.61736,13082.41832,31895.81732,7869.882954
Bunnahabhain,50,3,SM,134881.7707,1034851.988,549333.397,14546.62865,1364261.44,60384.46058,18389.34252,13559.44533,31486.13634,8106.449735
Bunnahabhain,60,1,SM,115750.7196,899577.0667,527528.4749,15300.54124,1380980.355,47116.26345,22040.24928,11892.9587,25389.57729,6080.513321
Bunnahabhain,60,2,SM,116012.3205,881962.3172,529996.638,15183.8685,1353021.454,52270.59154,19955.08809,10626.43704,24598.05886,5889.733272
Bunnahabhain,60,3,SM,117438.7872,908166.2289,546780.5342,14913.6685,1368479.574,50203.7183,20367.5,12411.55853,25351.48107,5860.549255
Bunnahabhain,70,1,SM,95890.34832,742663.2543,408599.6433,15001.25781,1328785.021,37440.57613,20690.984,8540.770345,19629.57913,3824.607328
Bunnahabhain,70,2,SM,99116.35428,758829.055,343981.0548,11339.91876,1378939.396,32618.0824,13830.62642,8396.824871,20601.59525,4101.459882
Bunnahabhain,70,3,SM,96070.30876,744185.2753,410644.77,16430.61973,1369658.861,38993.1286,19804.73505,8768.874721,19420.90165,3991.443005
Bunnahabhain,80,1,SM,76924.69423,606335.5562,348534.0102,12901.15212,1490490.892,22772.5554,21553.348,3894.941679,15072.50838,2189.680351
Bunnahabhain,80,2,SM,78002.99966,610389.7734,322233.1338,10466.04351,1499600.482,21878.54198,16355.18902,3475.304561,14982.36436,2465.767124
Bunnahabhain,80,3,SM,78649.58901,605414.8451,361933.5076,14517.87499,1471315.122,28025.44783,24469.72592,4209.61191,15249.31554,2262.956601
Bunnahabhain,90,1,SM,59431.79545,460460.379,260410.7909,7282.66857,1407505.188,12320.07061,19959.98556,1712.714819,12281.58416,1113.433019
Bunnahabhain,90,2,SM,61023.57524,476162.0499,253456.6145,6509.100627,1441668.233,11696.17697,17659.06566,1961.520153,12770.3475,1395.007946
Bunnahabhain,90,3,SM,60018.93341,471547.4635,244333.514,6748.789416,1439045.07,11983.40681,19583.40685,3007.065995,12530.48783,1262.468703
Bunnahabhain,100,1,SM,47762.48298,366031.0279,176338.3182,1962.052981,1414901.056,5432.527938,6641.961123,346.0196956,9498.189856,599.1452878
Bunnahabhain,100,2,SM,46852.36139,359762.6758,200301.9324,2707.363308,1410453.223,6656.985049,7921.863561,972.6976913,9526.56373,748.7204481
Bunnahabhain,100,3,SM,51136.68961,386789.5583,169564.2986,1904.613408,1501645.74,4962.208656,10458.91043,1533.065462,10073.95825,722.4405498
Bushmills,50,1,IW,46521.20917,279929.5985,202950.1706,15263.26929,694818.0462,30808.5248,3916.681225,1098.371259,11713.26359,1404.455964
Bushmills,50,2,IW,50846.46301,294582.0284,147737.466,12150.85996,728080.1964,23811.04289,3270.966057,911.6817529,12429.37571,1584.588292
Bushmills,50,3,IW,45091.20336,267932.9145,192439.4746,16355.65113,669251.7184,31825.18246,5559.928614,1624.847795,11244.56282,1724.459628
Bushmills,60,1,IW,42807.17463,248617.3795,159906.4998,16036.30132,689440.4506,23012.40248,6084.388833,1121.269734,10031.36306,993.840385
Bushmills,60,2,IW,38853.36452,214505.8074,123951.2404,11594.1309,618083.8758,18713.61772,2836.474457,471.866965,9126.653569,1061.443812
Bushmills,60,3,IW,39938.31254,246613.1405,181466.5067,16213.81522,662408.5374,26125.65914,5964.835749,1215.916005,10177.73139,1132.290732
Bushmills,70,1,IW,39287.65629,230633.1445,117921.4652,10046.21854,792317.3552,11758.29432,6591.489555,596.9944696,8400.42684,853.0390095
Bushmills,70,2,IW,38029.13307,224537.7187,136272.9803,9003.136745,785860.1337,11464.15415,5160.627723,467.6711762,8438.980006,862.5701352
Bushmills,70,3,IW,16857.76435,119235.4917,101325.8807,8162.359314,792204.7659,9599.186191,4483.579571,494.878571,7412.222936,828.9269056
Bushmills,80,1,IW,30134.51755,167298.9026,72980.2609,2598.032654,842312.0871,3750.71759,1679.824946,0,5908.633726,713.3385001
Bushmills,80,2,IW,32005.43682,179296.1959,103717.2974,5170.428633,817753.1535,6719.500754,4967.033644,351.4964837,6688.965755,784.235927
Bushmills,80,3,IW,30286.42494,174923.031,95181.54812,4447.997537,821312.7552,5823.459225,4293.942937,346.1620947,6474.45574,763.0799358
Bushmills,90,1,IW,24128.72588,143903.6126,84401.57601,1278.412802,803357.6237,2962.547948,211.8880024,0,5460.899559,522.1238985
Bushmills,90,2,IW,27806.3502,157117.2714,88142.46446,1494.381965,756323.948,3490.143662,301.5402057,0,5779.451538,686.2186619
Bushmills,90,3,IW,27192.61214,163533.2029,89241.42049,1312.717302,784000.5753,3200.942511,208.6079178,0,5761.265287,701.6309654
Bushmills,100,1,IW,21450.29211,122470.1457,61246.63282,355.2995275,746739.5009,619.9266204,0,0,4219.537031,554.1964308
Bushmills,100,2,IW,22902.86524,129240.3566,68118.50542,440.8617855,747576.1559,866.8217631,5.818547946,0,4737.102296,426.4044846
Bushmills,100,3,IW,22418.99811,128521.7823,69615.14941,436.3824366,774788.1407,887.8259989,8.453838828,0,4756.62648,659.6928998
Dewars,50,1,BS,211129.3921,1389064.675,773315.9516,26779.26546,1148017.567,85362.79395,26175.49058,40215.122,43322.60562,7868.421169
Dewars,50,2,BS,207119.819,1344740.183,695130.1413,27067.1435,1084033.093,83905.62582,27271.58259,46998.36561,41827.3112,7441.390021
Dewars,50,3,BS,212204.3461,1374943.594,674740.3181,28677.16536,1128628.091,89474.2831,26249.44117,50877.08946,43359.42137,7993.772653
Dewars,60,1,BS,205555.8755,1352026.814,585032.1134,26505.95343,1254278.402,70300.72726,25151.97647,37854.55508,39978.14553,7079.502769
Dewars,60,2,BS,201782.4012,1338955.336,684637.7526,27084.67339,1222160.284,66583.82545,30020.03063,32494.81875,38903.85548,6578.281242
Dewars,60,3,BS,198834.817,1305506.377,695935.467,29202.65811,1188123.597,68960.94215,32063.34387,39296.80422,37651.15724,6384.727481
Dewars,70,1,BS,180170.2022,1183437.289,619725.0543,26302.90793,1267394.547,48191.86645,38551.67955,29451.16678,32701.729,5849.510663
Dewars,70,2,BS,179895.6441,1196468.008,630044.7729,26351.71543,1278741.045,48122.18631,39101.99251,30366.40815,32858.04311,5865.433777
Dewars,70,3,BS,182491.5553,1177696.15,498498.1523,23764.54875,1231674.78,45745.54896,33083.21714,40824.40314,33040.26498,5585.252594
Dewars,80,1,BS,151911.0611,1018246.471,572981.348,16911.93751,1286530.905,28179.28136,42996.7739,13388.49479,25909.32843,4474.811552
Dewars,80,2,BS,156148.1233,1023354.264,438079.0565,14652.77428,1297183.631,24831.6119,38133.79656,14504.58933,26316.18319,4526.521678
Dewars,80,3,BS,155989.2686,1036646.757,513206.7168,17342.21055,1309921.688,27567.18558,45573.73348,13581.62691,26569.93187,4654.421947
Dewars,90,1,BS,129173.1961,853144.8684,429864.6382,6521.84823,1277501.136,13914.32784,22223.92612,3157.033411,20540.42251,3262.067844
Dewars,90,2,BS,133621.0201,867646.9141,381627.7639,6350.468609,1326688.797,13604.9859,19158.71654,4067.143617,21264.30926,3760.294335
Dewars,90,3,BS,130356.1061,867732.399,363783.8524,6013.44199,1319744.156,12940.18542,18438.50974,4904.712674,21291.15879,3742.47352
Dewars,100,1,BS,102871.9753,671887.5692,291692.6517,1217.077187,1251180.07,5571.163705,4189.708314,428.6562258,15290.70399,2235.737943
Dewars,100,2,BS,105434.311,689813.9223,313127.1328,1661.37554,1294316.131,6383.668631,5616.033243,1202.344262,15839.65033,2492.388742
Dewars,100,3,BS,102190.6632,668116.7867,297507.6152,1228.241679,1246830.968,5864.941253,4627.890744,635.5511279,15129.78276,2072.587609
Old Forester,50,1,BU,646195.1878,2493964.844,736856.7428,2186.432179,4869883.94,5052.178949,0,517.6099927,48557.61824,24126.53349
Old Forester,50,2,BU,523844.8417,2203841.316,692925.8353,2341.192056,4605861.477,4427.982482,0,764.2142241,40211.4363,21384.79017
Old Forester,50,3,BU,645032.9031,2426850.618,761642.2026,2518.866819,4867453.832,4687.507821,0,583.9447321,45244.9463,23457.82786
Old Forester,60,1,BU,549583.5995,2116727.505,655146.3321,1318.525772,4703120.608,3227.640718,0,494.5373103,38576.23221,17691.61617
Old Forester,60,2,BU,604383.5178,2262961.078,624132.9483,1180.121713,5392192.544,2646.036681,0,481.2832124,38728.33237,19257.10372
Old Forester,60,3,BU,285009.8919,1165811.665,568918.9189,1130.475355,5195235.483,1807.053847,0,385.6714019,34151.62411,17242.63134
Old Forester,70,1,BU,497370.7591,1866191.025,510575.1792,455.6970933,5123964.807,805.2917501,0,327.150013,30392.70842,13303.5817
Old Forester,70,2,BU,527322.439,2039133.123,579873.3989,539.4620112,5444884.135,1447.928105,0,0,34819.38677,15333.5159
Old Forester,70,3,BU,252038.519,1041998.144,511235.2888,265.3419364,5524640.086,454.8804412,0,0,28205.26965,12560.05638
Old Forester,80,1,BU,452565.5884,1712798.962,439866.226,0,5692213.428,108.1563647,0,0,27343.35891,10116.14561
Old Forester,80,2,BU,472700.4192,1771335.532,441063.3843,113.1476133,5702967.801,0,0,0,26678.42792,10285.29638
Old Forester,80,3,BU,439626.9119,1663614.834,395000.1905,147.777881,5525365.257,0,0,0,26117.1507,8819.026419
Old Forester,90,1,BU,341692.1075,1225751.564,316654.0548,98.56266698,5118015.648,0,0,0,18933.95169,6402.415698
Old Forester,90,2,BU,353392.1825,1333468.752,318005.1383,0,4934522.494,0,0,0,20500.28201,6299.881784
Old Forester,90,3,BU,178680.4267,727110.649,299753.8472,0,5069407.977,0,0,0,18335.78772,6406.1557
Old Forester,100,1,BU,279853.1305,1063637.043,249101.2474,0,5213807.207,0,0,0,16209.02225,3856.852703
Old Forester,100,2,BU,279398.626,1039216.005,267212.2393,82.18711925,4929996.051,0,0,0,15741.92896,4267.032724
Old Forester,100,3,BU,130589.0741,596326.9166,168303.2688,0,4635015.033,0,0,0,23874.58321,8841.406421
Glansa,50,1,BS,159048.9512,913529.9767,718407.2625,10039.47356,1673041.775,69955.11333,6034.155538,13727.0319,33028.14783,8434.843129
Glansa,50,2,BS,147834.4876,810562.2758,690243.009,9536.183575,1635628.883,59553.09794,7716.322382,13693.01564,27720.294,6681.768649
Glansa,50,3,BS,136258.792,754739.587,683027.76,9086.78809,1527227.529,58690.02406,6390.235649,13743.95266,25594.69564,6101.483608
Glansa,60,1,BS,141809.5761,820510.583,705122.7864,11343.6231,1682954.194,57474.91839,9438.122919,15802.57032,28479.38947,6483.230669
Glansa,60,2,BS,152309.6665,880493.4729,667742.1557,9432.365087,1844356.109,55091.03186,5754.041452,12338.58768,29564.28851,7294.958919
Glansa,60,3,BS,157929.036,929430.3677,788278.5734,13983.57077,1815670.38,64651.60886,10522.13137,22496.58328,31782.66044,7812.595591
Glansa,70,1,BS,126739.8448,696272.7462,530900.0438,9189.14283,1801824.324,37507.91536,5692.356342,8366.70518,21963.35856,4765.949228
Glansa,70,2,BS,112279.6242,677713.5279,569673.585,12813.91361,1796252.647,39078.68612,9576.390671,16896.64588,20538.05104,4586.233354
Glansa,70,3,BS,55032.97621,389595.3054,545896.6036,11462.46928,1824141.984,34618.46511,9355.461,16211.41591,19980.9064,4404.101334
Glansa,80,1,BS,104811.8248,600461.0058,491588.71,9252.920995,1713091.302,25881.52662,11510.4164,8379.632435,18781.29893,3784.493246
Glansa,80,2,BS,51736.23622,346734.0742,476710.8852,8916.626591,1855983.228,22565.16525,11103.81902,9442.893823,17146.46382,3670.079978
Glansa,80,3,BS,47511.58025,343584.0613,460773.6191,8102.129955,1910395.976,21371.69287,10700.91125,8175.068252,17281.8176,3812.284345
Glansa,90,1,BS,70557.98351,482117.5441,388243.1709,2762.883173,1727065.359,11162.47141,3469.675688,2613.667791,14617.70419,2909.841079
Glansa,90,2,BS,88627.78656,511565.4232,406071.9245,3043.692032,1715557.818,12176.10624,4591.776655,2596.216131,16314.74386,3225.100501
Glansa,90,3,BS,95846.7271,546039.4955,375781.4013,2144.219066,1614724.908,13231.23866,1958.638736,1397.900221,17805.21671,3284.189458
Glansa,100,1,BS,74635.79712,427148.3407,336282.4214,885.1963439,1638411.747,6765.910474,554.673501,1140.898996,13738.04107,2162.19767
Glansa,100,2,BS,76619.09141,409952.1373,241440.1214,306.6803731,1741841.454,5073.56993,0,366.3671564,13000.51118,2536.31337
Glansa,100,3,BS,83852.94187,479990.5462,310746.0865,769.4861381,1776048.855,6362.016457,177.7384653,674.1224682,15020.8604,2049.602289
Glencadam,50,1,SM,176678.8661,955647.8103,623599.9317,16021.88187,3578814.926,63622.37324,23658.20144,9624.798012,76887.91107,15727.30683
Glencadam,50,2,SM,167327.9994,905264.1932,669294.3929,18346.68726,3425368.575,68594.27216,26841.10861,11659.00767,75533.34451,15344.28001
Glencadam,50,3,SM,175675.9519,968927.4664,653673.3851,17791.33644,3369996.82,67420.09089,26685.49774,11797.27647,78769.99543,16545.73197
Glencadam,60,1,SM,167506.2589,907716.8486,564215.3087,18248.96819,3639265.508,64606.90106,27065.03162,11208.60438,67726.74786,12595.01174
Glencadam,60,2,SM,160925.623,857754.7085,577878.7498,18767.22055,3535139.746,66073.2604,24616.51332,9673.528153,63365.72295,12081.475
Glencadam,60,3,SM,155956.113,865571.3672,582061.6998,18575.55414,3524964.35,62043.04929,25698.71506,10512.89182,64890.05304,12747.85275
Glencadam,70,1,SM,133415.6795,747490.5486,450197.6801,18684.86109,3604164.26,45840.52249,26809.0836,8569.966855,51729.02265,9219.080422
Glencadam,70,2,SM,134187.4395,746085.268,453961.7658,18305.01889,3550265.24,46030.69907,26118.54467,8152.466467,52546.27171,9515.973991
Glencadam,70,3,SM,135953.1004,743673.741,469593.7766,19243.8685,3572741.046,48166.90124,27383.17395,7811.388411,51452.32762,9384.61419
Glencadam,80,1,SM,119940.2821,665396.5538,366714.9195,16487.00441,4042269.549,28920.2945,29345.8306,5867.977001,44005.98929,7339.168769
Glencadam,80,2,SM,116589.6055,622614.4309,336264.9328,15430.81508,3852825.385,28532.10983,27884.98439,5447.749817,40771.69137,6471.243779
Glencadam,80,3,SM,120018.8337,631530.0055,346123.1207,15057.44463,3770229.808,28737.0715,25186.33217,5724.742438,41844.08008,5944.407617
Glencadam,90,1,SM,100343.2493,536625.7301,281336.1905,8599.506935,3998578.407,15633.39024,23266.30187,2789.217399,35098.72354,5296.459095
Glencadam,90,2,SM,94566.56444,510390.4287,289665.2246,9256.198337,3989439.745,16332.09988,25786.44373,2798.389502,33981.70092,5931.430912
Glencadam,90,3,SM,98102.03748,544753.781,301357.2861,9216.63474,4080504.558,16773.03286,24903.72885,3120.526245,35739.00783,6672.955391
Glencadam,100,1,SM,88496.31761,463555.4271,221677.2079,3111.233465,3682063.376,8614.311287,9425.328315,1351.295245,29863.10209,3671.458975
Glencadam,100,2,SM,74664.80037,409715.9427,207739.6646,3199.154736,3722475.301,7467.345198,9717.432224,1454.958294,25938.04514,3558.230645
Glencadam,100,3,SM,79232.15302,423479.9879,227655.3781,3530.931823,3607456.111,8701.290145,11429.02914,1003.351806,26919.45083,3754.106366
Famous Grouse,50,1,BS,67810.4053,328821.0139,190536.2242,9111.59655,800802.6806,25535.69554,6553.571787,6364.323461,13976.03245,1590.328336
Famous Grouse,50,2,BS,76860.50616,416767.8243,264760.661,11495.76786,999385.8479,28502.74458,11367.722,10944.07131,17902.45432,2500.584988
Famous Grouse,50,3,BS,69349.76484,346755.8289,201473.173,9146.087557,814480.2606,24237.61377,10922.80275,6806.376706,15219.46098,1579.035288
Famous Grouse,60,1,BS,63931.50529,316238.5798,208693.0775,10582.22195,818324.1909,22157.99384,11528.71302,6691.834846,13264.97538,1242.753826
Famous Grouse,60,2,BS,65290.40231,336632.1648,222666.8336,11025.07055,895821.5225,24002.46875,10570.92436,7116.466607,14113.42724,1397.741262
Famous Grouse,60,3,BS,68317.24122,345656.6302,226914.626,11053.76985,866449.5805,20511.93607,13486.83276,8955.048802,14713.46947,1376.934436
Famous Grouse,70,1,BS,62592.75794,327226.5253,175198.2767,7646.426134,965173.0763,13673.78339,9954.216426,4273.897394,13537.82245,832.467443
Famous Grouse,70,2,BS,57195.18415,294953.2925,135511.3935,6641.915386,861650.4124,13739.2482,4571.329793,2726.444908,11943.29664,495.1042724
Famous Grouse,70,3,BS,61281.06313,309594.5728,159255.8068,7015.317948,913650.6128,13425.58077,7956.509235,3703.762683,12826.48844,771.2659624
Famous Grouse,80,1,BS,56261.31496,290720.13,180280.3505,5643.309135,1033073.868,8558.605832,10761.08271,3164.120477,11558.54846,390.4185322
Famous Grouse,80,2,BS,53857.22713,273482.0852,177845.2678,5378.718572,935361.3433,9713.068485,10991.01671,1846.803288,10855.64479,303.1821208
Famous Grouse,80,3,BS,57500.22164,296731.2788,164568.3087,4548.479479,1001862.716,8006.528258,8324.356818,1849.104055,11729.0422,529.9943703
Famous Grouse,90,1,BS,21002.31701,126091.0539,106812.5252,1287.393128,984219.8195,2517.369964,3440.379072,617.7671826,7963.238187,0
Famous Grouse,90,2,BS,46463.1107,233215.8675,149618.332,1469.490477,984289.1623,3637.690127,4205.621353,669.2650893,9417.636278,193.8656741
Famous Grouse,90,3,BS,18546.21489,112347.7984,128925.6839,1516.869715,930931.02,2302.775813,5220.2452,1036.826113,7293.604163,99.89530462
Famous Grouse,100,1,BS,38704.69352,187283.8609,111598.2096,431.3281083,948402.5133,595.0676297,561.9217015,423.0679767,7983.007654,0
Famous Grouse,100,2,BS,35615.80104,176160.6569,113419.7901,387.921417,937547.9328,1064.101715,53.9258853,0,7374.801341,0
Famous Grouse,100,3,BS,35976.42412,169686.572,86859.50445,340.728548,975239.6152,0,157.9013425,251.9345596,6971.248108,0
Highland Park,50,1,SM,45737.45838,156234.6576,119170.8451,3551.576454,1382041.673,10890.85625,801.813331,2799.167586,7841.025505,895.7859952
Highland Park,50,2,SM,49556.59533,171082.8129,95697.4368,2259.791873,1465217.428,7864.98463,1051.43364,3692.232638,8830.42137,1184.479735
Highland Park,50,3,SM,48630.84573,167723.4619,100582.1464,2412.963624,1446836.491,8259.67378,863.180225,3644.157801,8466.329864,1112.209834
Highland Park,60,1,SM,43869.25944,150644.6805,88829.75022,2800.846454,1541965.992,7301.429701,778.3626749,2599.312036,7098.564732,825.7842319
Highland Park,60,2,SM,42211.16168,145128.3462,91516.5936,3232.683749,1481199.373,8080.897681,923.5661009,2536.593017,7020.459823,809.9716433
Highland Park,60,3,SM,45253.46522,157721.8383,94193.93392,2512.91948,1573970.071,7486.815676,874.5118524,2801.342509,7567.914139,919.4759686
Highland Park,70,1,SM,38699.73922,131810.6506,78273.96393,3918.627773,1593320.551,5958.726512,1098.024486,1760.932172,5924.572556,655.5425989
Highland Park,70,2,SM,39646.08077,135988.1484,71633.88832,1717.947893,1618834.298,4462.339556,550.5549499,1592.731411,6031.634519,730.7217784
Highland Park,70,3,SM,36804.51805,124620.8259,77553.75602,3435.242065,1488438.037,5332.151728,1184.198416,1740.374985,5704.999306,702.910952
Highland Park,80,1,SM,32132.56075,108552.6162,64875.8143,2151.495501,1610467.96,3041.9849,2104.319757,761.6428977,4851.16142,697.9673571
Highland Park,80,2,SM,32002.26382,110252.6976,65978.36829,1540.130546,1597362.377,2782.647381,1784.43086,768.1618953,5078.686532,628.5632997
Highland Park,80,3,SM,31417.86376,107094.4686,66222.17291,2228.914481,1586999.274,2997.612848,2509.619435,873.5260968,4722.913993,620.9803081
Highland Park,90,1,SM,27636.63564,90094.91801,53080.03742,327.5505206,1620197.136,874.738934,728.7878944,324.0040774,4060.095902,685.0784889
Highland Park,90,2,SM,25131.85169,81732.79983,50242.84846,310.3289396,1526270.094,734.6534648,328.8766469,327.221415,3490.162307,453.3623133
Highland Park,90,3,SM,26117.12619,85200.31279,51981.87306,181.4221144,1587051.01,380.7603411,557.9793537,330.747601,3865.903568,637.7264012
Highland Park,100,1,SM,21085.02574,68806.9756,38759.36539,0,1572683.506,0,44.20989883,0,2787.197762,174.2112287
Highland Park,100,2,SM,21621.49438,71187.30068,35095.9133,66.52625802,1596100.545,0,0,0,2984.598157,264.5179548
Highland Park,100,3,SM,20973.35646,71974.68522,43450.91958,400.9593745,1597527.86,0,90.91846776,0,3132.928719,526.5935195
Highland Park Dark,50,1,SM,71701.66175,330024.6358,244236.0638,2898.405071,1409345.338,12291.47248,3153.1871,2943.086836,19954.52941,4149.921554
Highland Park Dark,50,2,SM,71401.49555,334213.5793,230661.3445,2252.89846,1425727.049,11184.92565,3241.672141,2973.508867,20217.84327,4063.349624
Highland Park Dark,50,3,SM,69913.57176,326558.7851,260874.7987,2002.600875,1402802.667,13406.95978,1960.821191,2445.867543,20017.36866,3880.92195
Highland Park Dark,60,1,SM,59931.08385,271372.3656,190912.7719,3007.362358,1474150.599,9833.907101,3232.97276,2264.09224,14383.35619,2987.405568
Highland Park Dark,60,2,SM,62895.29003,297852.2736,209371.6499,2417.461376,1536522.146,10142.75436,3303.672912,2568.570559,16253.61036,3416.139851
Highland Park Dark,60,3,SM,62610.10437,287860.0974,234182.6027,3046.000903,1502455.042,12078.53638,3433.935722,2619.513934,15686.96189,3658.087179
Highland Park Dark,70,1,SM,47613.03759,218597.7978,169863.374,3143.601291,1427261.253,7521.214996,4063.316863,1974.246695,10616.81322,2521.146506
Highland Park Dark,70,2,SM,49473.12246,222119.4899,169577.9064,3176.09008,1428348.001,7437.746763,4304.099476,1748.022441,10879.10113,2503.559935
Highland Park Dark,70,3,SM,51854.09404,237547.7097,167330.8329,2523.405707,1498183.678,7051.166441,3434.802,1864.061393,11796.84106,2812.751673
Highland Park Dark,80,1,SM,38289.1725,172578.0328,130875.2266,1187.252064,1404820.013,3547.659112,2999.569922,979.4916773,7581.607281,2318.584314
Highland Park Dark,80,2,SM,43621.29734,187157.2789,136792.6254,1312.163878,1510555.259,3648.370658,3313.93828,836.8495578,8422.445102,2600.660211
Highland Park Dark,80,3,SM,39755.94654,177424.1495,117121.2748,787.9864192,1440566.356,2746.225891,2005.360958,618.9373181,7962.492277,2319.158119
Highland Park Dark,90,1,SM,31316.0152,138644.057,96391.27754,0,1410855.966,1134.345188,674.3407672,369.2630403,5445.157242,1941.385806
Highland Park Dark,90,2,SM,32912.17277,144058.4779,98081.87555,526.4600755,1437832.875,1020.521159,696.6516191,371.5325395,5952.384728,2367.530496
Highland Park Dark,90,3,SM,32938.85742,149312.1761,106499.6212,329.4504632,1484764.449,1635.07292,1274.354144,670.0775705,6022.396656,2436.880461
Highland Park Dark,100,1,SM,24765.71147,113895.5965,79330.3092,0,1401386.205,367.7547472,413.5607009,233.6695411,3953.116583,2092.883376
Highland Park Dark,100,2,SM,27129.6463,117603.2749,78769.0184,427.2435993,1441309.396,423.7138032,397.891607,0,4213.281535,2032.343698
Highland Park Dark,100,3,SM,25888.91845,115824.7051,73107.09171,0,1414728.186,525.4014803,447.4535493,224.1517805,3886.89719,2123.556081
The Irishman,50,1,IW,68704.16089,493097.5752,327931.8404,18858.23659,946969.0075,85031.16027,2719.404416,2060.091011,23897.83657,6276.767102
The Irishman,50,2,IW,60710.28779,438603.8509,277978.55,14534.97769,971590.7427,70906.92487,1430.68155,1365.045548,19973.43401,6073.449049
The Irishman,50,3,IW,67627.83163,483606.7458,325005.8586,19021.12914,971496.5432,86844.42856,2757.742095,1958.54138,22863.54858,5584.190579
The Irishman,60,1,IW,33104.0615,384993.4424,244868.6031,17895.74396,1008342.402,54991.62176,2706.281088,1613.004236,15413.23989,4453.737508
The Irishman,60,2,IW,53785.64187,386554.5228,275558.4381,17161.56811,964982.4386,67793.9263,1998.772326,1298.610316,16184.95845,4765.92919
The Irishman,60,3,IW,59513.27114,426267.3072,327695.0406,18825.70485,964131.9402,75274.5192,2302.51415,1503.211453,19212.54231,5037.503515
The Irishman,70,1,IW,56842.23718,397950.315,242397.8164,16184.16106,986355.0614,52027.16266,2541.416252,1025.944978,16877.70259,4324.18305
The Irishman,70,2,IW,55333.86504,395773.3846,277925.1445,16789.54311,935818.4038,51251.71204,2666.690062,1118.720782,16963.60033,5439.736892
The Irishman,70,3,IW,48431.65324,364732.8584,268091.2868,17429.91303,886721.001,49120.96974,2839.508886,1289.630514,15454.27598,4473.353272
The Irishman,80,1,IW,49246.65316,353040.4786,203823.9192,11097.14808,1062386.845,30312.15811,3629.833754,661.5568076,13103.66188,3825.794662
The Irishman,80,2,IW,49371.20312,356577.4328,212806.169,13237.5801,1069455.731,31752.2372,4425.273011,844.116253,13382.81683,4002.759427
The Irishman,80,3,IW,46145.46831,324186.128,172347.63,9719.315717,1106710.086,25528.31224,2354.882672,675.1472172,11495.8545,3732.519926
The Irishman,90,1,IW,37514.79295,267699.5307,155671.6796,3842.832833,1068338.461,13535.18479,453.5058917,0,8770.177491,3204.825719
The Irishman,90,2,IW,43700.45781,305230.8112,173623.6574,4279.368803,1080176.647,16094.31047,394.5684908,344.6626029,10401.56134,4242.921304
The Irishman,90,3,IW,42497.86578,296150.4862,179489.891,4463.842775,1095392.285,17232.85754,520.7337375,398.2119179,10089.79281,3541.055477
The Irishman,100,1,IW,31764.1397,216606.0082,126419.154,973.5494434,1112715.388,6705.189284,355.6167561,0,6448.916571,3851.427375
The Irishman,100,2,IW,34057.44961,222875.0335,103290.2541,769.4123143,1220737.928,6003.64666,104.7672824,0,6161.459685,3492.821606
The Irishman,100,3,IW,36599.0878,252453.9502,125080.3317,1008.626591,1143386.774,6779.968413,221.461888,0,7760.524817,3996.529192
Laphroaig 10,50,1,SM,127438.8741,512943.1605,434565.3565,19658.83776,1264542.391,69135.9397,6093.209939,19981.23965,16427.63485,11428.70696
Laphroaig 10,50,2,SM,136919.9168,550611.9974,423207.2273,19399.79538,1346041.793,65609.98147,5946.99443,20527.59235,18299.89305,12283.398
Laphroaig 10,50,3,SM,115224.657,456044.7153,382200.6535,17229.29606,1121000.435,61501.85685,4916.7784,18520.70475,17871.30372,11184.99309
Laphroaig 10,60,1,SM,111150.4213,451213.7158,373589.7544,17118.80067,1538176.7,52209.9337,4198.05505,14116.70974,14584.71131,10165.9943
Laphroaig 10,60,2,SM,116476.0672,473691.6608,438193.0653,25283.5831,1568470.332,72035.05715,6226.42537,17933.97477,13348.10745,10218.22985
Laphroaig 10,60,3,SM,57021.98997,251401.393,315206.1221,17933.35153,1527589.814,43598.8751,4708.675607,16194.98784,11503.34089,9752.577233
Laphroaig 10,70,1,SM,95675.71335,389098.9321,339265.0854,15873.30451,1492917.791,34961.65168,6071.902188,10924.49877,11429.43396,9547.29262
Laphroaig 10,70,2,SM,96512.3773,376395.0842,295602.2378,12448.20956,1503590.82,28376.33468,5043.281366,8721.980623,10483.26407,8568.845956
Laphroaig 10,70,3,SM,93510.2379,385340.6278,309383.7329,13367.23207,1480871.61,30026.82947,5180.173667,8885.378256,11582.22164,8988.098528
Laphroaig 10,80,1,SM,75457.86145,303714.3462,230320.299,7972.921562,1448626.659,17066.50983,4167.900094,5158.40619,8005.424542,8594.228783
Laphroaig 10,80,2,SM,85742.03243,340416.9384,221852.8278,7383.443811,1475089.679,16603.22407,2880.236738,4885.266578,9093.576073,8477.869442
Laphroaig 10,80,3,SM,84409.23249,336175.9518,232652.4636,7624.872718,1487682.567,18447.10371,3170.752601,4891.906192,7604.163052,8846.190916
Laphroaig 10,90,1,SM,33302.61201,152132.7874,164216.0476,1786.820145,1794065.807,7476.883584,593.2289206,1798.596187,4562.794924,8148.974921
Laphroaig 10,90,2,SM,68773.36789,276005.9847,189521.8038,2684.672435,1729760.59,8993.636174,1472.552617,2298.786654,6605.647236,8558.397055
Laphroaig 10,90,3,SM,69150.20708,270798.535,182668.0466,2437.787414,1672384.347,8476.760051,1357.094,1912.332144,6650.655995,7999.108711
Laphroaig 10,100,1,SM,61178.30337,234062.2939,139065.922,627.3286789,1686310.863,4265.244448,0,798.5505764,5018.138711,6910.861192
Laphroaig 10,100,2,SM,49908.90587,192830.2331,123187.8768,434.9297493,1565316.979,3643.495743,160.3716784,520.593444,3848.056395,7182.807141
Laphroaig 10,100,3,SM,51831.61294,190612.9529,141328.6544,519.4806822,1463992.28,4038.749039,211.1209445,644.7862692,4140.833106,7214.264904
Maker's Mark,50,1,BU,181777.743,711376.6671,210797.1006,2809.728123,4819886.199,1939.872369,0,485.4032006,11588.65578,12128.12922
Maker's Mark,50,2,BU,196191.7753,772740.0966,266184.2451,3653.530358,4606029.292,2620.262921,0,768.5797615,13277.5927,12510.03624
Maker's Mark,50,3,BU,207154.1558,795980.3764,281535.3523,3452.391108,4850979.296,2652.978936,0,820.7922181,13193.05371,12616.05554
Maker's Mark,60,1,BU,158078.825,622285.5931,200283.25,1266.119551,4824212.803,1064.584563,0,426.8562781,10082.09871,12045.30545
Maker's Mark,60,2,BU,151386.9517,598398.6005,207288.1406,1350.021503,4593998.897,1130.489896,0,742.3154123,9729.960718,12449.234
Maker's Mark,60,3,BU,180956.8404,689220.7813,215138.6688,1245.036378,5064157.234,1224.506032,0,594.04035,10698.29058,12433.18691
Maker's Mark,70,1,BU,101120.2809,393754.9665,149544.9369,0,4836293.88,291.2731442,204.958179,373.9431097,5187.96752,10207.37849
Maker's Mark,70,2,BU,121708.192,461379.8917,164649.741,0,4595106.863,742.5664534,188.3819133,279.2608901,6641.820104,10638.62624
Maker's Mark,70,3,BU,111579.8067,424408.1801,148261.2967,0,4520801.592,470.9733977,137.7471888,398.7557272,6079.483027,10251.78974
Maker's Mark,80,1,BU,83054.09186,296166.6936,100113.7331,0,4632813.804,192.6810917,238.1551403,0,3433.995556,7931.708333
Maker's Mark,80,2,BU,83249.06899,312020.4684,109725.4803,0,4149156.28,248.8684265,147.9687704,0,4040.821411,8639.727365
Maker's Mark,80,3,BU,79435.208,291396.6752,98618.33347,0,4647494.642,125.394288,210.4050936,0,3233.002429,8093.48073
Maker's Mark,90,1,BU,56413.09267,219949.4554,78938.35865,0,4178044.004,0,176.3649526,0,1830.204127,7012.67567
Maker's Mark,90,2,BU,60317.13517,226738.654,74956.97566,0,4316227.142,87.59036685,216.3562404,0,1830.272637,7104.456455
Maker's Mark,90,3,BU,56708.19023,213854.5927,62436.18023,0,4591030.417,0,191.5321814,0,1596.803791,6784.674592
Maker's Mark,100,1,BU,28495.51801,173357.0894,63820.80631,0,4573839.643,0,121.6425273,0,953.3861213,6547.595589
Maker's Mark,100,2,BU,53540.58952,162023.0805,57977.95028,0,4508491.794,0,189.1817278,0,990.8268658,6366.691598
Maker's Mark,100,3,BU,43652.15167,165796.5502,44261.68835,0,4352612.014,0,205.1523591,0,742.3398497,6421.11805
Michter's Rye,50,1,RW,349671.3773,748882.3428,224126.8098,288.9147721,3402893.344,3810.641089,207.6070811,709.4771769,15059.71971,11812.94961
Michter's Rye,50,2,RW,284365.2294,608487.2623,284751.6322,557.0016837,2985628.531,3590.677252,130.5666659,1372.984849,11441.7514,10671.062
Michter's Rye,50,3,RW,303431.1405,650429.5972,258564.2399,603.8054415,2911685.142,3387.458894,163.3879107,1492.604415,13092.83528,10754.48035
Michter's Rye,60,1,RW,271787.2473,576481.0176,236142.0075,556.3579283,2763677.426,2351.797588,137.8597789,1015.783284,11345.25443,8773.318046
Michter's Rye,60,2,RW,250279.8795,536054.5064,252340.783,724.930702,2842385.413,2430.102973,206.6174914,1072.631603,9913.990144,8953.859352
Michter's Rye,60,3,RW,278576.7612,602200.5047,257132.3143,598.4863907,2925324.781,2561.913772,211.3186367,1540.498823,11383.53694,9562.990018
Michter's Rye,70,1,RW,257084.2297,550057.6974,197899.6781,481.0303371,3361199.947,1629.386237,185.6725967,823.1225786,9733.214638,8300.558918
Michter's Rye,70,2,RW,239183.5508,514404.6119,210032.4075,592.0842591,3229771.622,1430.675472,194.0611385,1239.185937,9068.699543,7606.656785
Michter's Rye,70,3,RW,221181.4162,471241.6647,198676.9214,466.624694,3172581.008,1314.548925,270.0815535,1122.666573,7690.828414,7993.502738
Michter's Rye,80,1,RW,161998.9286,357032.2808,127794.1474,295.3368941,3231664.575,557.6605459,188.4369703,1383.758521,5351.739395,5396.966271
Michter's Rye,80,2,RW,212853.4222,460912.0855,147407.7541,399.2175358,3689438.983,846.8884803,205.8889877,1428.872609,6858.455827,6516.531409
Michter's Rye,80,3,RW,171623.4032,368294.9175,160264.5852,535.5979451,3214910.14,885.2170489,322.6290543,1187.530451,5141.498743,6310.779678
Michter's Rye,90,1,RW,140034.199,314044.782,132740.4158,326.0411085,3241307.406,477.2811115,147.3149532,2062.941691,4267.117078,5382.345174
Michter's Rye,90,2,RW,142935.1547,299314.014,133015.2376,290.0095925,3091567.235,331.2490856,105.5245528,1366.702828,3782.998046,5396.328175
Michter's Rye,90,3,RW,159758.1154,344421.0708,129047.2394,324.9663579,3158359.426,601.3610849,179.4190586,1329.867816,4779.389519,5744.281856
Michter's Rye,100,1,RW,142461.0676,305963.3494,108255.3384,379.5933233,3692004.644,446.0205129,252.3855046,1029.880208,3990.893234,5060.062999
Michter's Rye,100,2,RW,136211.3657,292621.4834,86774.56857,0,3499266.053,289.0821407,0,330.793357,3602.061872,4850.155933
Michter's Rye,100,3,RW,134331.3087,289316.5949,101778.5675,310.8300157,3447595.03,248.5322843,196.903989,679.5163859,3641.768926,4948.968505
Monkey Shoulder,50,1,BS,119862.0269,852419.3119,1289556.792,30927.12194,1622543.016,145728.4962,27183.43635,35276.26466,62398.03647,14580.18022
Monkey Shoulder,50,2,BS,263182.2881,1680527.685,1460818.418,33717.11426,1565667.983,173129.7497,29063.15187,37050.79838,77221.72262,16493.9766
Monkey Shoulder,50,3,BS,283481.4134,1793914.537,1480799.703,32372.93472,1735394.979,173690.8618,27396.31183,35509.37665,83500.16851,16124.2996
Monkey Shoulder,60,1,BS,238085.0295,1514756.48,1395683.086,38016.11055,1622835.633,150633.5102,32220.13018,36477.11648,65605.15157,13431.85962
Monkey Shoulder,60,2,BS,218525.8519,1388538.301,1354064.943,36519.02452,1476482.988,153823.4283,30887.94428,31551.316,60466.95628,13162.97258
Monkey Shoulder,60,3,BS,184766.065,1294203.4,1156018.692,29474.1767,1520597.013,124751.7738,24686.27935,25855.85968,53089.4625,12334.90262
Monkey Shoulder,70,1,BS,207537.3038,1277542.656,1007710.092,28466.81546,1755390.443,86830.89097,26653.14073,21705.47302,49715.65485,10762.20198
Monkey Shoulder,70,2,BS,127306.5774,1220487.166,1086748.539,33054.75882,1711007.703,92885.21137,32842.82883,24400.9273,45445.26532,10924.26079
Monkey Shoulder,70,3,BS,102137.1471,736143.8436,1145903.024,37419.18821,1794889.65,107616.4951,33099.37855,24424.98934,47024.05591,11341.05749
Monkey Shoulder,80,1,BS,170076.4421,1039438.623,783766.5858,20813.39829,1737479.079,48386.2803,30405.51887,10197.27256,37159.17387,9267.899844
Monkey Shoulder,80,2,BS,195822.4233,1216829.324,822118.7581,18285.45,1791407.988,53274.78623,21623.50757,8086.472909,44465.77014,10294.40309
Monkey Shoulder,80,3,BS,161358.5418,1014826.019,873844.9797,24284.31042,1753617.246,56547.62091,32695.73796,10998.95837,35671.92144,9204.657482
Monkey Shoulder,90,1,BS,67012.18161,472860.8509,692503.1217,8879.42284,1890734.679,27347.53887,15177.7613,3838.085001,25426.02002,8182.577522
Monkey Shoulder,90,2,BS,71838.92528,518284.418,627468.0652,6796.099746,1887654.542,23548.89284,10058.71613,2697.815444,27760.00596,7936.93201
Monkey Shoulder,90,3,BS,137728.3269,853426.0291,648138.647,7792.288865,1769743.134,25867.52455,11857.18781,3575.04946,28581.48105,8137.533458
Monkey Shoulder,100,1,BS,125526.6833,781325.1211,480971.1693,2018.933131,1723061.506,12985.68726,1624.105205,764.8987663,25225.89834,6958.702542
Monkey Shoulder,100,2,BS,128967.0072,800101.8391,488891.8793,2338.676499,1755952.25,12982.53958,1409.87683,965.2278472,25775.45241,7575.063351
Monkey Shoulder,100,3,BS,55408.03859,389896.5574,467991.6302,1544.86781,1965165.677,11527.51748,2420.522127,798.939036,19356.14002,7165.558861
Four Roses,50,1,BU,241315.9159,880698.4276,206997.0723,6562.74527,2399676.77,8136.489585,0,684.8585131,15710.11854,16288.81986
Four Roses,50,2,BU,241852.0595,883138.1358,188746.0537,5377.693226,2442069.429,6773.697931,0,467.3094695,15764.5942,15544.56266
Four Roses,50,3,BU,244977.8881,896921.1637,183305.7084,6020.725405,2546574.554,7557.957189,135.9083975,537.7083676,15321.55164,15509.05219
Four Roses,60,1,BU,227528.587,831523.0333,166086.9956,4914.672172,2653400.754,5881.885244,0,386.6702353,13597.67103,13451.04443
Four Roses,60,2,BU,224897.2152,816435.2434,214764.2522,6971.454347,2593314.143,7242.05953,0,620.5533566,13459.06966,13692.53678
Four Roses,60,3,BU,221358.0763,824880.7232,182492.7037,5219.37903,2545433.617,5523.658348,164.7993358,799.9045421,13730.25887,13651.76356
Four Roses,70,1,BU,199786.4769,737739.2422,159637.3856,3262.213593,2640363.026,3431.674011,141.0434592,407.734456,11504.39797,11377.06602
Four Roses,70,2,BU,202074.7633,750587.8376,154428.1762,3034.751467,2687088.436,3110.523321,163.1023551,551.4697148,11624.62235,11254.99832
Four Roses,70,3,BU,194933.5602,703991.005,141396.7979,2679.201215,2565249.779,2664.340478,212.6831692,0,11126.97085,10513.51227
Four Roses,80,1,BU,172103.4363,636026.5427,125785.6416,1521.164724,2699436.059,1637.550926,295.3163412,537.2956121,8926.41643,8807.147598
Four Roses,80,2,BU,170281.8402,617514.0378,135917.1107,1434.817095,2628085.556,1838.783765,274.2774654,390.9179449,8632.263382,8987.162567
Four Roses,80,3,BU,164589.6837,596993.4075,131683.465,1763.236979,2568479.549,1726.333207,198.9667099,0,8871.335717,8657.658326
Four Roses,90,1,BU,141170.52,511630.5555,98965.83203,475.3429731,2695343.608,1117.442402,259.1803797,0,6654.850359,6801.992203
Four Roses,90,2,BU,145373.8419,520745.6843,107478.6413,482.027089,2638127.31,1058.102656,293.203999,104.0053135,6902.586048,7147.63647
Four Roses,90,3,BU,141071.3085,506166.7523,105466.4334,594.049543,2634029.479,1322.12095,255.6601481,175.4340689,6753.12383,6881.238501
Four Roses,100,1,BU,111867.6608,405290.3089,75805.56205,308.8148968,2694407.282,515.640061,0,0,4368.886159,5783.386657
Four Roses,100,2,BU,110232.4952,400398.7635,81009.61144,0,2648216.397,483.5490696,61.13236065,0,4577.758341,5635.666743
Four Roses,100,3,BU,109232.2784,400233.0356,73118.93827,0,2650501.766,420.4134945,198.8115269,0,4432.774995,5518.591578
Russell Reserve,50,1,RW,290699.4321,959006.1306,391147.1148,8029.517889,3221844.648,21340.9132,0,3942.751493,23380.68757,19077.46478
Russell Reserve,50,2,RW,148634.1223,538322.944,329064.978,6077.619858,3344894.345,16444.91119,0,3232.289047,21034.51375,18044.93373
Russell Reserve,50,3,RW,305573.0222,996851.4493,402358.7298,7700.122133,3286828.111,21595.208,0,3653.087221,22990.29663,21036.3749
Russell Reserve,60,1,RW,277246.6587,919943.3915,359061.495,7479.26775,3521215.486,17222.63631,0,3066.567242,20590.9419,16595.36895
Russell Reserve,60,2,RW,267268.7649,877927.9809,346064.9237,8044.637657,3486379.004,16373.55256,0,3129.49919,18994.67125,16155.08236
Russell Reserve,60,3,RW,251397.0722,825788.6337,303408.2769,6539.685832,3582559.798,13200.71189,0,2851.017178,17131.56441,15418.37367
Russell Reserve,70,1,RW,249457.036,819791.1899,295369.6031,5920.636016,3883751.93,9475.514767,0,1951.322309,16022.20733,14248.43196
Russell Reserve,70,2,RW,242482.5672,796839.5158,296228.3877,6412.462043,3650775.11,9815.457677,0,1962.751489,15880.19316,13838.47934
Russell Reserve,70,3,RW,247972.5067,851311.347,283499.6764,5650.371125,3845651.786,10012.37659,0,2189.561668,17306.00421,14182.03483
Russell Reserve,80,1,RW,208628.6824,696388.3811,225483.0741,3277.766424,3886584.353,5740.378469,0,1672.573734,12926.10352,13074.60025
Russell Reserve,80,2,RW,218733.2888,719620.8632,251525.26,3404.847433,3811970.197,6560.442537,0,1799.688157,13314.92178,13381.63016
Russell Reserve,80,3,RW,213962.1699,718319.5996,212816.0206,2932.825848,3991841.214,5619.064781,0,1224.625339,12964.59888,12715.61596
Russell Reserve,90,1,RW,172219.3967,585538.0076,190859.6441,1311.457243,3806691.119,6897.206156,0,816.6631977,10454.10301,12392.79944
Russell Reserve,90,2,RW,186186.3461,622156.0358,193040.4224,1267.843148,4059714.896,6694.109208,0,930.8957143,10871.49488,13009.30291
Russell Reserve,90,3,RW,168124.4781,559408.2305,186515.4117,1155.047628,3533808.24,5832.8187,0,900.5948177,9748.405521,12324.27123
Russell Reserve,100,1,RW,131421.1693,438426.5652,143842.1156,497.6873085,3592043.552,2765.329283,0,457.2959197,6592.455368,10875.21755
Russell Reserve,100,2,RW,123559.0122,405288.5471,132122.675,387.4086798,3786506.1,2017.919131,0,0,5887.081995,10816.54353
Russell Reserve,100,3,RW,140793.3387,462480.8321,142590.6628,417.7087575,3718840.866,2754.579367,0,0,7275.411765,10751.11242
George T Stagg,50,1,BB,140765.1753,303388.1691,107991.1293,819.6483253,2858566.751,750.1481826,168.4416985,736.2912411,2861.907076,4880.199613
George T Stagg,50,2,BB,143513.1821,303035.6219,105556.3363,537.5602456,2861176.839,615.0026652,185.7232475,925.6029707,2878.060488,4679.59616
George T Stagg,50,3,BB,141771.3547,304475.1293,105129.0259,896.2740297,2856081.721,979.6163152,281.0063261,427.8883304,2984.072297,5586.710613
George T Stagg,60,1,BB,93181.92832,197666.2845,77394.47545,378.9991697,2565763.552,1802.344226,70.03862211,995.2323426,1163.306213,3915.826902
George T Stagg,60,2,BB,94418.65803,203563.1699,84490.04347,736.9925889,2632509.911,2440.625221,211.2304109,747.325454,1340.2577,4177.464711
George T Stagg,60,3,BB,101011.7711,212315.6708,79172.16068,493.5557367,2753237.01,2151.518306,36.05340662,884.9047698,1286.608268,4084.207661
George T Stagg,70,1,BB,67633.0651,141453.1243,50128.60589,315.1331571,2573092.681,2658.84998,0,0,0,3249.298537
George T Stagg,70,2,BB,65985.15586,138268.797,48168.9954,259.9370395,2535481.501,2523.47936,97.27019779,164.2298567,0,3164.45645
George T Stagg,70,3,BB,66877.71063,137425.9172,57710.94972,577.8500258,2566243.214,3954.09897,176.361064,232.3151575,0,3202.136131
George T Stagg,80,1,BB,43948.07073,89815.19662,31833.3033,0,2396010.965,329.765844,0,0,0,2284.510243
George T Stagg,80,2,BB,45404.27271,93765.47269,33367.19204,0,2361287.995,388.6515419,0,0,0,2654.226715
George T Stagg,80,3,BB,45790.28597,94150.74184,36365.57824,0,2407614.518,349.6123739,0,0,0,2550.374224
George T Stagg,90,1,BB,32794.19586,68110.63815,23958.17621,0,2226404.385,101.5133993,0,0,0,2275.040959
George T Stagg,90,2,BB,34114.09064,68532.37275,25364.33465,0,2188276.911,80.73656525,0,0,0,2149.18854
George T Stagg,90,3,BB,34450.09907,68408.59244,27424.61282,0,2229141.574,142.1286054,0,0,0,2195.171768
George T Stagg,100,1,BB,26286.56616,51436.36049,18818.34148,0,2101878.415,0,0,0,0,2154.820052
George T Stagg,100,2,BB,26802.68717,52427.19511,18212.09635,0,2117464.523,0,0,0,0,2192.098015
George T Stagg,100,3,BB,24339.96601,48148.05166,17147.98469,0,1929284.129,0,0,0,0,2049.976629
Teeling,50,1,IW,66346.42078,486099.3978,141801.7753,15724.81394,990273.3669,42389.88476,6442.635044,1651.37434,18892.59435,5051.146942
Teeling,50,2,IW,67502.98856,506554.8825,165847.9604,17875.54881,968463.7944,49576.55205,7532.273706,1139.436391,21338.33427,4985.682825
Teeling,50,3,IW,74978.91178,562706.1658,171944.2433,16409.1716,1060493.365,52647.66821,5404.3003,922.0288021,19578.37488,5407.548554
Teeling,60,1,IW,62600.18027,470054.5929,150684.4584,14467.89706,1035815.073,31282.48784,7649.867999,957.1607868,18377.14061,5008.1715
Teeling,60,2,IW,74444.14833,557924.4326,163211.6241,14887.92242,1165834.814,34561.58908,8056.007081,1229.952362,15791.69148,4998.273738
Teeling,60,3,IW,61341.59111,475442.483,130206.2835,11615.41886,1062716.466,27870.1464,4935.9579,930.2749328,18654.29486,4728.762432
Teeling,70,1,IW,63564.50382,468904.161,143480.4798,8096.444765,1187694.243,19876.38283,6139.750172,744.313992,12752.95482,4524.208902
Teeling,70,2,IW,53190.37891,404301.8425,128046.1721,6954.441923,1059325.235,17661.36127,4303.279784,1080.608554,14144.56664,4649.044882
Teeling,70,3,IW,63914.12342,471435.277,129299.9866,6211.397874,1218372.763,16849.95504,4403.840963,732.7230451,10433.93334,4465.122754
Teeling,80,1,IW,54125.59268,394838.0251,109591.7357,2139.207031,1201079.779,8608.714736,946.2434092,417.2134049,10020.97823,4488.338126
Teeling,80,2,IW,52523.41471,382493.8408,104018.4672,1621.698403,1225473.997,7632.062469,744.1713895,516.4154011,8932.710183,4309.487245
Teeling,80,3,IW,43788.19207,338698.3634,89185.40012,1118.592096,1126293.507,6049.096378,418.286708,446.7567163,10807.15531,4470.195377
Teeling,90,1,IW,40116.56,286689.2581,64869.14149,0,1155367.712,2322.622696,0,154.1519918,4930.422566,4489.544227
Teeling,90,2,IW,42160.51418,302501.3961,77152.63192,515.924981,1206019.742,3379.757543,246.6734172,314.847483,4949.810959,4645.852284
Teeling,90,3,IW,41253.15299,302466.8044,72474.93501,497.7391306,1216356.145,2689.478041,310.05072,150.9875461,7248.468728,4265.123152
Teeling,100,1,IW,19317.82783,202404.176,57452.06141,0,1089212.384,559.7892139,150.7694165,114.8770752,5987.8309,3482.887791
Teeling,100,2,IW,29615.41416,215270.6562,58346.95949,407.6548133,1096294.044,729.9061387,249.4568454,0,6126.081546,3596.399664
Teeling,100,3,IW,35116.82752,234893.7988,57902.03414,371.9438911,1131163.489,785.9893339,104.6816918,0,5706.181984,3658.007801
Tullamore Dew,50,1,IW,30702.10042,193840.8725,37829.49572,8813.199688,610973.3237,23589.1821,677.5035871,463.881932,8120.003179,4039.482803
Tullamore Dew,50,2,IW,15924.41229,101520.0596,42037.91741,7775.131056,563036.3632,20008.60162,1840.047439,856.8327708,7784.349761,4068.805895
Tullamore Dew,50,3,IW,29720.09262,177264.9106,48785.68749,8492.751054,545078.3908,21306.61925,2566.662109,845.4804766,9306.627367,4293.673945
Tullamore Dew,60,1,IW,31877.54273,195514.749,51055.15908,7669.046576,654321.9008,18769.37835,3033.357637,877.1785576,9894.218922,4278.468903
Tullamore Dew,60,2,IW,26371.82117,161544.3989,49478.39964,7641.300211,544387.8485,19251.68025,2187.00742,655.1098067,8260.198837,4385.263372
Tullamore Dew,60,3,IW,20763.2321,157350.4445,46539.03326,7579.195194,583698.6438,17361.34677,2410.250024,531.9993913,7085.863003,4144.685966
Tullamore Dew,70,1,IW,27719.36617,166189.6116,41165.10092,4368.049994,659311.3658,11136.2751,2703.75513,745.3008358,7716.697631,3641.110719
Tullamore Dew,70,2,IW,21923.19751,140777.3381,37996.2611,4158.108258,612633.0924,9944.710284,1728.469384,559.1221502,5857.615978,3544.209573
Tullamore Dew,70,3,IW,27512.56495,172014.3517,44360.86619,4128.134053,673652.6736,11767.03408,2290.176684,871.4356864,7804.834763,3696.389734
Tullamore Dew,80,1,IW,21082.4394,126519.0497,33092.50773,1542.37543,612641.0816,5351.675933,621.6287154,547.2742441,5176.815536,3248.071312
Tullamore Dew,80,2,IW,23683.24374,143774.5484,32572.71398,1007.941479,674008.9305,5542.246939,430.4860785,404.460038,6011.740065,3547.345594
Tullamore Dew,80,3,IW,21641.11611,127481.8448,29872.99015,1159.977992,615439.601,5500.177757,439.2165813,539.3636984,5152.421939,3274.344494
Tullamore Dew,90,1,IW,16577.00894,99847.73797,22152.8752,521.9661209,608666.4917,1268.400401,196.715742,303.0016827,3168.900656,3202.073864
Tullamore Dew,90,2,IW,20750.09161,120360.4589,24536.62608,517.9363724,693357.045,2109.245041,306.4081803,541.6445378,4249.640717,2971.301346
Tullamore Dew,90,3,IW,19629.67856,117874.2232,24662.71715,501.7080974,678158.9561,2269.723481,313.6620027,228.8126901,4215.541407,3148.136854
Tullamore Dew,100,1,IW,15613.85458,93403.59143,23872.1334,387.4485761,615273.2997,642.5786758,234.3567029,0,2949.253967,3370.003798
Tullamore Dew,100,2,IW,13914.42451,85200.33859,19760.32852,0,543505.9946,520.1625964,197.150564,66.64993321,2557.853743,3371.22748
Tullamore Dew,100,3,IW,13738.67783,78784.59213,19087.77695,0,562162.7114,452.5430221,128.0289088,29.36567537,2242.481867,2938.648742
Wild Turkey,50,1,BU,119658.8945,582731.8478,263991.2814,2623.934421,2928373.772,9215.663152,220.5424007,1164.771234,26105.57633,10966.75507
Wild Turkey,50,2,BU,120023.9691,581469.7921,266854.7455,2028.865317,2909142.701,8160.283361,179.3494454,672.1583937,26174.32983,10941.45525
Wild Turkey,50,3,BU,112910.2303,536778.2967,240292.3487,2331.428226,2740548.429,8519.057995,232.2425749,903.4302856,24157.10722,10572.43029
Wild Turkey,60,1,BU,97011.82381,473360.06,188573.7464,1756.967025,3009891.299,5726.689671,244.377814,0,16927.52692,7471.810943
Wild Turkey,60,2,BU,101226.2408,491472.2347,185140.3788,1650.616851,3035749.886,5872.157833,189.0953042,898.6374656,18572.01084,7715.391841
Wild Turkey,60,3,BU,98910.64712,484846.0421,206918.803,1715.057811,3022712.509,5500.752634,290.7863877,577.7622353,18044.96178,7693.036395
Wild Turkey,70,1,BU,74699.13861,356670.4427,165341.3441,1666.396889,3031109.335,10023.42591,284.8903796,1138.253848,10003.27857,7443.735741
Wild Turkey,70,2,BU,76000.01274,367428.0411,139761.9383,853.963772,2988373.188,5764.977503,292.9217742,613.4618655,10883.00458,7100.723922
Wild Turkey,70,3,BU,77457.30914,371244.5732,179338.9336,1426.534732,3026242.509,8759.116347,232.6538438,1001.338336,10892.60021,7381.093826
Wild Turkey,80,1,BU,52970.24036,248818.1214,103855.6872,1211.340578,2818934.676,22451.32924,329.0180766,835.6984339,5742.743977,8828.050231
Wild Turkey,80,2,BU,56716.69543,269166.9384,100793.239,769.2946153,2857294.478,17402.90449,309.0938622,628.0495654,6375.880734,9142.241951
Wild Turkey,80,3,BU,53779.47495,255457.9771,110157.3773,1070.403464,2787268.857,21391.03419,340.9074185,873.40929,5931.587969,9666.002748
Wild Turkey,90,1,BU,41738.19337,193104.4167,81237.18199,2935.623367,2723244.933,24691.43306,290.4942529,0,4155.008898,7289.271315
Wild Turkey,90,2,BU,42604.04129,195851.5598,81721.57012,2703.849408,2773191.477,23900.51811,307.6266756,429.0818415,4291.93594,7026.31162
Wild Turkey,90,3,BU,40710.04282,190606.6302,82153.10103,2352.606027,2637748.357,23407.52978,289.5845054,434.7262013,4150.31166,7162.342208
Wild Turkey,100,1,BU,32520.38014,148884.7875,64217.05855,440.2872574,2628016.355,7811.324212,184.3826629,0,2956.930541,6152.615401
Wild Turkey,100,2,BU,33725.18407,148825.9561,63729.94583,483.8575418,2612030.129,8062.243684,68.09441776,0,2998.447984,5034.064741
Wild Turkey,100,3,BU,30784.97805,143470.5745,64617.9466,521.502563,2475336.44,8466.756848,152.4162144,96.84557946,2794.345601,5304.543261
Woodford Rye,50,1,RW,352211.5992,1136049.342,164826.6125,0,3418444.065,0,157.0805467,1050.468488,27507.127,17611.59024
Woodford Rye,50,2,RW,319701.8635,1036640.917,183854.9307,0,3192891.813,0,147.3704785,1471.591265,28700.68747,16972.67973
Woodford Rye,50,3,RW,283159.777,909952.2031,192756.5361,571.6152098,3060518.255,0,223.0447622,1298.214888,23246.12927,15932.74822
Woodford Rye,60,1,RW,262705.4369,849865.4141,144112.3437,0,3390434.299,0,262.3007522,845.471368,19655.1807,11749.64261
Woodford Rye,60,2,RW,283544.241,918766.9108,169971.178,0,3202636.736,0,203.6441325,1309.453617,23429.40629,12342.32633
Woodford Rye,60,3,RW,294815.8787,961750.8525,198098.5462,428.776541,3513356.357,0,215.8899711,1054.883736,18648.17296,13856.26315
Woodford Rye,70,1,RW,259535.9012,846750.5754,134473.1202,0,3822759.914,0,371.9886636,1187.543532,12727.86555,11312.05432
Woodford Rye,70,2,RW,210545.6526,679091.4857,123035.4201,0,3359571.98,0,277.0610171,1886.585364,15035.89067,9510.832644
Woodford Rye,70,3,RW,243703.9575,792661.2218,149854.2891,0,3641811.537,0,254.3771817,1740.332369,17782.66627,10281.14093
Woodford Rye,80,1,RW,167454.5443,554582.5455,112410.6064,914.6553487,3339207.327,10133.60956,535.9289459,1350.583226,11806.24874,9427.722169
Woodford Rye,80,2,RW,186115.1162,606877.5152,107490.5807,612.2796995,3258788.914,10025.73301,496.4625211,1140.891099,12087.40313,9320.09322
Woodford Rye,80,3,RW,202471.3046,656047.4051,102439.2013,759.4318303,3567075.929,10139.99229,461.4677194,831.3825489,7785.903566,11370.49097
Woodford Rye,90,1,RW,152971.8831,492688.4375,83999.32264,840.5760323,3518419.598,7869.494151,212.0824982,581.1383175,9041.828897,10018.00609
Woodford Rye,90,2,RW,161200.2771,520900.5238,79570.88925,831.2046198,3716880.788,7847.118269,272.4503036,458.4956217,9047.00018,9504.659479
Woodford Rye,90,3,RW,146796.8892,472823.1493,85473.34628,1109.222373,3418468.192,9959.494424,271.2469249,487.4777297,8821.187491,10573.42347
Woodford Rye,100,1,RW,121791.5367,382298.8183,56501.90679,232.9903447,3590217.95,2890.792602,238.6288759,35.41135417,7105.684802,8249.521969
Woodford Rye,100,2,RW,118999.6953,378898.4478,60136.94247,263.4131841,3489341.282,1656.002281,261.5866756,349.7948782,7162.743388,7696.012477
Woodford Rye,100,3,RW,109187.0971,365077.478,55377.18968,317.9034401,3412601.185,1280.536777,220.7422915,250.1055031,6594.665689,7973.068552
