Whiskey,Percent.whiskey,Rep,Style,1-Propanol,"1-Propanol, 2-methyl-",1-Butanol,"1-Butanol, 3-methyl-",1-Decanol,(Z)-4-Decen-1-ol,Phenylethyl Alcohol,1-Dodecanol,1-Tetradecanol,Octanoic acid,n-Decanoic acid,1-Hexadecanol,Dodecanoic acid
Peat Monster,50,1,BS,118466.9519,1032583.731,45438.8956,6327830.7,208279.606,3745.254993,1040063.422,234378.5263,566256.474,474263.6054,1285800.071,173704.0747,254253.9758
Peat Monster,50,2,BS,100602.3693,872089.4754,38876.16362,5243575.048,159052.2374,2377.282567,856790.4833,160670.7663,498764.2671,349346.4715,804254.4485,199443.1072,145393.3448
Peat Monster,50,3,BS,78240.8296,682490.8786,30406.10851,4299881.83,157153.9843,2123.278484,650245.6349,192595.4537,500609.4433,339794.0808,734407.3542,199429.964,119882.2041
Peat Monster,60,1,BS,136685.7836,1329111.242,46973.97456,7051666.183,125042.9136,2703.666513,1227227.053,132265.4887,464953.7113,289475.8196,606621.2511,197668.091,148542.9179
Peat Monster,60,2,BS,196669.9365,700627.8119,52423.70957,6476464.343,91628.03388,1921.880736,984880.397,123073.9775,464914.2162,249593.3632,584306.0931,186935.5137,97215.15717
Peat Monster,60,3,BS,48016.11323,732586.8889,24723.11533,4349351.906,114368.6458,1853.879912,728510.1046,160194.6127,525932.5245,268126.6066,556238.2376,226367.6505,120826.6816
Peat Monster,70,1,BS,140006.4741,1408517.942,48584.05818,7156151.247,67230.7745,1762.589223,1447114.383,62539.36598,322813.8775,185534.3618,306331.5674,167341.1333,72973.31432
Peat Monster,70,2,BS,211725.0169,821021.8929,49027.43286,6373093.424,46316.05491,1144.830847,872666.5015,43609.79174,260028.1483,96080.57992,132641.2981,160235.7295,37083.34554
Peat Monster,70,3,BS,55265.61672,816292.0959,27624.15431,4615303.642,60754.84039,1342.778496,486781.1728,57516.49795,487212.4704,71615.24179,80950.0652,327691.8921,29907.41985
Peat Monster,80,1,BS,123289.6872,1502439.643,49340.54924,7364264.429,38326.42452,955.2981387,996761.4517,24049.20707,159285.9386,63817.81143,71384.64952,157696.7881,18963.02937
Peat Monster,80,2,BS,133021.3638,1188051.58,39950.89391,5729970.129,31330.49786,660.4570938,443963.0624,18130.01901,120566.1624,21599.28183,37109.94176,241384.9829,6394.323319
Peat Monster,80,3,BS,269106.6434,904432.634,55988.84665,5869895.39,22432.94746,0,557451.3022,14805.27616,140448.0493,31574.22139,42017.81081,240384.5744,11683.86264
Peat Monster,90,1,BS,167843.4841,1740904.279,57941.39475,7585395.747,18711.94708,256.1423121,1033420.391,8492.761257,43890.94733,40847.8251,53268.68946,73127.26517,16835.41966
Peat Monster,90,2,BS,161934.9455,1480808.914,47697.38873,6048100.087,15122.06239,0,583817.7056,6433.847695,54609.83628,23465.8157,41991.16307,272165.27,10414.81689
Peat Monster,90,3,BS,74774.27973,935900.1131,31147.33477,4490937.269,12635.2191,0,270621.5803,3101.084651,42697.51658,7263.395236,28131.07652,252813.8087,3873.571641
Peat Monster,100,1,BS,168591.5463,1684189.195,52441.62846,6786767.21,7766.707052,0,490675.2121,1084.073368,8863.945211,7112.526515,36230.32387,16069.85807,0
Peat Monster,100,2,BS,105625.7837,1141464.274,38011.13417,5026288.659,10263.08404,0,598241.7415,3610.900903,24927.87492,19283.06933,43142.01778,43381.26474,7581.734571
Peat Monster,100,3,BS,83956.01266,947877.7697,31114.62068,4204025.071,5019.69991,0,222263.3787,0,10065.28657,4304.68561,28525.30954,71473.63176,0
Aberlour 12,50,1,SM,82890.67695,362556.1292,17035.24576,3380117.452,94861.7243,0,584360.4866,109277.1879,334211.9833,273200.2778,1247322.271,44976.95413,290350.1724
Aberlour 12,50,2,SM,40488.288,568119.2459,14041.84061,3392979.968,120403.4303,0,664027.2304,127555.673,413233.4651,341374.9503,1369157.588,62272.31178,319211.0787
Aberlour 12,50,3,SM,58427.58427,535914.1016,14995.81203,3250189.214,97736.58594,0,556093.9167,107648.1789,328848.8872,266654.6358,925038.5194,51759.56064,220369.45
Aberlour 12,60,1,SM,46385.91439,669983.8655,16101.98638,3766828.14,89983.09994,0,675291.0469,105987.1969,392353.3621,286889.3275,959718.9505,50253.87901,239627.5737
Aberlour 12,60,2,SM,94205.15472,408946.1366,19980.86319,3810075.044,75240.59952,0,576462.5681,84914.05587,358450.0603,219401.3296,668878.9471,58910.88673,192864.3124
Aberlour 12,60,3,SM,65218.65995,623421.0306,16237.35047,3589947.567,83185.70342,0,564405.3549,90666.21094,382881.8901,237719.8819,672360.4062,56231.75124,167546.2901
Aberlour 12,70,1,SM,59918.5166,760533.6788,18010.4324,3913309.489,65079.19802,0,560257.319,68623.31506,462813.6805,185540.6734,404156.2526,75408.24387,136889.0227
Aberlour 12,70,2,SM,129487.381,515370.8186,24478.68344,4233548.358,48960.59346,0,657373.4721,52454.16393,351801.4231,177082.6315,389106.3373,57000.49011,111916.7246
Aberlour 12,70,3,SM,88097.38359,807545.386,20076.84894,4006824.114,50307.8581,0,537863.483,53413.92482,406526.677,145399.5131,303233.1967,67526.26419,102853.2198
Aberlour 12,80,1,SM,71288.73294,849897.7249,19745.65716,4045754.46,30875.20235,0,617439.9112,25434.07283,264913.9576,110715.1772,176145.2582,70468.30208,50429.86311
Aberlour 12,80,2,SM,120213.5328,820979.939,23324.80112,4161804.113,25073.56457,0,527626.7296,20626.93718,217647.2309,74680.61951,118142.5313,58529.51521,39663.36272
Aberlour 12,80,3,SM,114808.9948,938384.3709,23667.956,4282798.236,28784.98078,0,535398.067,22088.35152,231759.2994,85870.90857,128902.0896,69862.23753,45137.73955
Aberlour 12,90,1,SM,211430.5397,733176.9085,32178.57912,4802794.955,14186.32681,0,452701.7267,6630.286534,73661.14707,39621.97217,58764.88609,37068.57003,21611.95826
Aberlour 12,90,2,SM,201262.4718,716620.6351,30600.6106,4764402.899,12972.11755,0,561277.8397,5883.396072,62497.04957,48057.18458,64242.69278,33910.23259,18771.85164
Aberlour 12,90,3,SM,163364.9916,622632.2214,28664.56258,4583755.281,13491.06376,0,502712.1848,6510.494097,57703.63327,47920.38303,76285.88955,29289.49047,27365.61028
Aberlour 12,100,1,SM,146637.4177,664534.14,29914.71801,4646481.59,7227.637171,0,452712.0135,2216.67191,26796.96255,24679.29291,39683.32704,12285.09629,13767.73436
Aberlour 12,100,2,SM,168587.2907,1108944.992,27509.88326,4441376.295,6283.442587,0,432709.1721,748.0759693,7774.899514,20489.94211,27265.20451,5959.048917,4565.74065
Aberlour 12,100,3,SM,222589.6285,815267.0009,34746.31139,5042663.943,5527.851561,0,366180.1103,1258.193139,16971.54197,15519.57334,29189.43377,9696.647238,9233.556291
Basil Hayden's,50,1,BU,32411.82108,362021.3501,9084.377304,4855885.052,62029.4383,152224.9014,735394.4643,7508.307942,12753.77595,32250.72864,68567.794,6474.274092,22888.16472
Basil Hayden's,50,2,BU,39557.72221,437175.3865,10205.37733,5316692.67,62134.36847,154655.7182,721262.3436,6468.428221,10121.18521,28547.42425,56592.47204,5421.415992,17328.31576
Basil Hayden's,50,3,BU,17603.24568,554705.3502,7669.060518,5056782.587,78081.81796,194723.9406,818625.4251,9071.297146,14207.1502,38536.9751,74847.65572,6554.621006,22194.22909
Basil Hayden's,60,1,BU,16275.0316,622646.7973,7641.524313,5219353.803,50851.66634,136182.9465,779406.0249,6126.485891,14946.76384,32577.40933,56317.26125,8661.073656,16320.09593
Basil Hayden's,60,2,BU,23670.2747,633711.1354,8443.833598,5254694.271,47434.53912,126181.1043,867228.9681,4558.68728,11065.34505,35037.43107,56785.93459,7580.244199,14325.04734
Basil Hayden's,60,3,BU,15239.91216,574663.3498,6795.229216,4908009.562,45448.13363,121782.8562,738559.4998,5072.183364,11898.6684,25473.2836,47648.31518,7054.153647,13959.27934
Basil Hayden's,70,1,BU,18920.05042,713531.7258,8423.410392,5589554.955,24031.2491,74116.5981,773210.0955,1110.686207,5425.643793,26045.95462,36492.77172,5837.341609,5772.932541
Basil Hayden's,70,2,BU,39644.64898,470175.6802,12820.64037,5904525.487,21134.00278,64427.84347,655052.0188,1359.703485,4641.932516,17198.62242,33905.44574,4417.563164,13110.75371
Basil Hayden's,70,3,BU,18205.55513,702994.4807,8408.897975,5538253.617,32623.89271,98181.41021,644229.8721,2439.584938,8677.279954,18196.7192,31162.9756,7064.721433,8867.368934
Basil Hayden's,80,1,BU,40781.17787,860550.9805,11751.24087,5932288.655,15776.94192,52785.43358,745262.4412,0,4055.346498,16362.58918,30262.47613,5441.289338,7968.731352
Basil Hayden's,80,2,BU,71148.95728,671968.4901,15166.44109,6556396.126,14014.27677,47526.7896,628354.9951,0,2779.388283,8350.179155,21121.5009,4298.873738,7366.591546
Basil Hayden's,80,3,BU,23425.76715,777674.6129,8815.529041,5568347.296,15473.11584,51232.46226,604825.5622,0,2967.461798,8302.977557,22437.98739,4152.082832,7732.755742
Basil Hayden's,90,1,BU,27051.28305,839842.8172,9632.311438,5549797.529,8473.567202,32338.6471,620678.0865,0,867.6300245,4764.235116,19036.20032,1884.956382,7155.141055
Basil Hayden's,90,2,BU,62424.95134,660789.3353,15447.19391,6840212.215,8029.143931,30124.63661,695619.8594,0,976.1965742,7590.52597,21254.68021,2185.099669,6683.120687
Basil Hayden's,90,3,BU,72769.9961,655444.9198,15133.87229,6490304.209,8784.207581,32529.42106,679135.3883,0,1563.408704,8320.086454,23186.63651,3071.090864,9166.945142
Basil Hayden's,100,1,BU,32422.54393,929119.3212,9962.496232,5659740.779,4168.314332,19095.33088,641630.8299,0,469.3692338,10951.76605,21020.77009,0,0
Basil Hayden's,100,2,BU,34041.75055,938035.7184,10239.58803,5654403.671,3623.065054,17081.26379,463614.3521,0,545.9059604,1937.251711,16486.13828,0,0
Basil Hayden's,100,3,BU,150165.5199,1735904.984,14802.7602,7226178.197,0,5324.462018,173111.6294,0,540.1036937,492.929929,13983.79079,0,0
Black Bottle,50,1,BS,46869.16628,358885.8682,4760.453035,1149280.151,42113.78297,0,163758.9173,69315.33581,367046.7252,52603.55427,198157.9111,89741.53197,104697.5333
Black Bottle,50,2,BS,71960.89967,196639.8406,5120.313716,1067199.78,35879.06387,146.5919077,162159.369,57038.84855,275470.7277,41243.87248,144864.3903,65962.07466,73238.32097
Black Bottle,50,3,BS,46838.91647,339469.8055,4810.432432,1109892.588,37031.04016,145.8589549,163763.4298,58039.9568,236900.6141,43498.01698,155287.6341,42274.24689,73483.66845
Black Bottle,60,1,BS,58220.15724,362241.5918,5000.718982,1143278.398,30630.16954,0,155758.1265,45603.17673,329847.2964,37833.44578,104365.6242,98381.58797,53658.31076
Black Bottle,60,2,BS,52947.8484,373726.7071,5033.485468,1155811.375,29303.97893,0,161705.7783,38857.53666,260012.4862,34459.46529,99718.9988,67948.03521,50274.69156
Black Bottle,60,3,BS,91612.62182,234693.3843,5842.490155,1174866.296,24482.27622,0,179390.7194,35223.07791,261617.307,34947.86605,103122.91,62849.16934,50173.17779
Black Bottle,70,1,BS,149148.2997,333405.8302,7658.405434,1345319.264,13591.3143,0,138084.9714,11473.81015,107458.8159,12775.86382,30468.51494,53503.09477,13502.72897
Black Bottle,70,2,BS,98933.93823,253688.6633,6158.493671,1242604.651,15495.42654,0,135287.4032,15099.56639,151838.8882,18629.0642,42056.84335,64317.22279,20203.99002
Black Bottle,70,3,BS,108315.3759,274686.1658,6529.042236,1247975.215,14079.75832,0,141853.1556,14028.20488,134409.8661,17003.90943,39044.29324,60551.12508,15905.19704
Black Bottle,80,1,BS,70598.85553,494155.2583,5607.689352,1321241.452,8833.250792,0,121959.3749,5216.783511,56099.43802,8534.503696,21122.50052,39511.32407,4847.952151
Black Bottle,80,2,BS,73005.5941,503201.4149,5768.253295,1339172.52,7544.367367,0,144266.2276,4415.172233,35240.73249,9643.650438,24540.36524,22615.3706,7566.096922
Black Bottle,80,3,BS,76042.70304,475338.3971,6410.867234,1261225.263,8100.171626,0,123475.7192,4896.230871,50925.9267,8379.55077,22434.52529,33691.37909,6332.552089
Black Bottle,90,1,BS,137510.2408,438415.8822,7594.708266,1321242.589,3335.968389,0,146268.9977,531.4940375,10767.40435,5627.296943,17021.07666,14436.79623,3352.599606
Black Bottle,90,2,BS,84847.65424,540584.4018,6063.893441,1300702.816,4459.150088,0,110411.1056,1508.80742,23580.45859,5077.003876,17500.18631,22989.12088,4718.26716
Black Bottle,90,3,BS,113863.027,542862.3494,6588.861115,1318925.818,3932.084481,0,171362.0799,980.3066849,17751.35707,7335.12035,18160.15166,25395.93752,3557.053812
Black Bottle,100,1,BS,91094.72554,554961.7745,6076.285229,1252524.99,1602.990889,0,101713.7893,0,7799.703093,2447.382751,13307.79725,10915.94435,0
Black Bottle,100,2,BS,98936.57623,610240.9899,7713.814758,1344321.625,1588.001394,0,90642.05122,0,8561.49416,2475.850671,15010.9115,5952.339883,2264.341388
Black Bottle,100,3,BS,120837.8683,337962.8763,8620.726616,1367589.796,1669.356324,0,114079.4582,672.0903262,16611.92651,3502.16153,17117.76945,10140.56008,3021.496222
Bulleit,50,1,RW,36746.1011,600434.5832,3166.716917,3869994.64,33246.1703,25688.22207,281254.866,5018.42427,15109.36427,38097.39842,93077.48903,4732.723784,23379.71082
Bulleit,50,2,RW,38292.73795,615367.3291,3141.770023,3905758.78,34339.2465,25922.19752,273444.602,4580.683726,13087.4312,37258.73003,83834.88282,4196.332205,25407.70175
Bulleit,50,3,RW,38208.80591,602227.8957,2657.355671,3863640.927,30421.58666,22777.53268,275453.9748,4037.573827,12056.22452,36057.07725,87549.32785,3960.967732,26025.10083
Bulleit,60,1,RW,44244.32804,672702.3771,3631.68757,3954449.841,21014.28659,21469.05455,265731.7657,2732.143057,13166.33985,26534.9472,44972.81159,5263.635428,14166.11367
Bulleit,60,2,RW,42595.03094,655741.403,3566.737367,3924947.321,20816.31649,20871.6628,276824.4253,2294.337174,11833.74491,26855.04085,47413.39631,4810.624336,13680.81092
Bulleit,60,3,RW,48205.44388,698242.1935,3229.336713,4065744.732,19589.53896,20023.65649,301252.5011,2351.629863,13397.87887,30563.04805,60812.88051,5386.442893,18574.97539
Bulleit,70,1,RW,51379.54649,734315.8049,4503.423049,4036502.651,10286.9702,17268.26701,236748.1473,583.9309639,7945.637734,14191.48762,22724.49687,4765.540537,9111.514524
Bulleit,70,2,RW,49376.17182,714341.6677,4403.822627,3948379.806,9299.47342,16432.69845,205150.6175,488.9796071,6932.605922,10785.1488,18715.99543,4276.184028,8021.938416
Bulleit,70,3,RW,52363.16859,743857.7927,4511.569277,4037271.676,10272.028,17149.77692,201267.3918,682.6410041,9112.952525,12477.6361,20022.68357,5027.073118,10031.35943
Bulleit,80,1,RW,61673.69351,785009.6297,4983.853665,3931670.698,5533.412491,18766.00291,224604.1113,288.053201,2473.431183,6191.683444,14835.34673,1785.593617,8877.062213
Bulleit,80,2,RW,60643.74323,768245.3173,4471.324122,3848093.998,5798.121237,20058.60867,196466.7196,443.5295745,2170.549732,5458.607387,14147.19671,0,10070.35798
Bulleit,80,3,RW,57971.69423,758402.1514,4489.753548,3813944.905,5062.831613,16228.5993,174342.9643,0,2965.94124,5406.032089,14870.24538,2582.778235,9101.318388
Bulleit,90,1,RW,68718.2085,801221.1854,3461.323549,3679768.543,5231.103604,12803.77047,143912.8192,0,424.689252,3079.977431,15041.91877,0,3995.765211
Bulleit,90,2,RW,69085.47393,799555.4598,3112.395204,3752238,5705.712164,14189.2886,178116.0964,0,435.5419699,2893.815561,14205.33651,0,5151.884763
Bulleit,90,3,RW,68653.12608,814645.2077,3347.988335,3807188.245,4536.787716,10655.60517,133070.6375,0,449.8816868,1620.168861,12857.33579,0,3551.826679
Bulleit,100,1,RW,77154.20972,828263.9213,2859.376929,3536458.708,2019.424702,4963.523478,135778.2799,0,451.0869976,1111.562561,12038.91823,0,0
Bulleit,100,2,RW,70065.33746,748107.9733,2593.255266,3295178.294,2221.511471,5061.586049,177674.8098,0,451.0901581,1847.77349,11453.60935,0,0
Bulleit,100,3,RW,73099.39764,789708.1085,3158.02374,3422406.119,2178.71959,4905.837017,163781.7817,0,476.2461485,2391.074907,13436.32843,0,1172.040517
Bunnahabhain,50,1,SM,29539.32274,451159.0772,12298.15641,2602375.533,90022.57731,4865.386218,334183.6158,85457.44998,183358.0228,299458.4613,748539.4801,51547.33709,140157.6105
Bunnahabhain,50,2,SM,31363.96634,464697.6997,12802.75838,2693926.797,77259.77689,4195.122176,373501.96,77187.49121,186390.6016,320876.5916,777586.5518,59858.29682,113581.2258
Bunnahabhain,50,3,SM,28750.87356,437372.5169,12675.35497,2559355.028,88772.63992,4771.050018,385476.4128,74183.98822,191536.8072,292015.505,901194.3517,68175.3999,175549.3552
Bunnahabhain,60,1,SM,39478.38317,522612.764,13853.76392,2735127.328,56517.58902,3271.085103,306150.2463,55716.02516,183795.0462,192035.9348,282928.4416,65934.79124,66937.9839
Bunnahabhain,60,2,SM,37059.02496,503177.0176,13240.62461,2671266.872,59146.41149,3421.524176,295222.6357,56720.4032,168899.8594,196567.4351,297224.6042,56268.40391,72020.01468
Bunnahabhain,60,3,SM,36343.99385,509582.5255,13541.06951,2727984.2,60790.60711,3531.541896,321219.7834,55712.69563,184418.1232,213833.0344,351638.296,65913.84221,85984.20515
Bunnahabhain,70,1,SM,41960.66816,551001.6124,14795.8686,2727064.135,30480.26644,1666.855392,329170.3081,32572.33866,146018.6573,130589.7895,148955.6596,56746.1142,40188.08061
Bunnahabhain,70,2,SM,41358.89912,542940.3213,14523.16189,2711535.464,25562.77918,1398.796933,349905.8381,23489.19833,127312.2231,134767.934,204869.3615,64992.46722,52957.35423
Bunnahabhain,70,3,SM,45293.41956,556012.0509,14926.4589,2725896.673,32126.30301,2038.788055,283783.0705,29533.33514,121378.937,110616.8086,120615.0246,65483.36761,34836.84391
Bunnahabhain,80,1,SM,48540.19658,584515.0343,17333.17661,2646506.184,16280.50923,682.7787272,202804.0603,9523.71038,47232.05869,45727.19544,29338.11168,62318.71669,5917.806851
Bunnahabhain,80,2,SM,52037.5314,587689.2279,16553.9946,2638794.964,14874.26595,539.3783097,171109.9511,9036.47193,40188.08201,42143.3077,30662.23345,56586.48725,6221.962705
Bunnahabhain,80,3,SM,49439.97849,586414.5881,17364.09429,2627312.471,16731.81114,833.9182298,256144.7187,10228.3823,56522.32054,59589.79006,37361.11592,73642.99995,7421.380318
Bunnahabhain,90,1,SM,56161.93515,600094.0767,18830.827,2496365.947,6570.593552,0,154144.5841,1190.743497,17180.07847,22180.99312,20202.3497,57439.26599,4744.013729
Bunnahabhain,90,2,SM,58383.40055,608645.5445,18783.07372,2541706.963,6999.169664,0,180341.0508,1481.129258,23123.07027,34658.96607,29307.83864,59529.28334,7922.199539
Bunnahabhain,90,3,SM,57458.13546,599590.5111,17956.85215,2502359.183,6675.603681,0,189236.056,1897.835529,30719.73353,29892.52096,26860.41302,69539.7176,7937.538402
Bunnahabhain,100,1,SM,60753.45331,601605.5905,17225.32451,2330340.648,1973.677857,0,126558.4914,0,4547.598381,11657.28667,14956.95886,16660.97303,1879.670845
Bunnahabhain,100,2,SM,64779.22706,609213.3017,17276.36699,2294477.6,2985.819589,0,173179.2038,0,8922.357464,18541.3731,20085.13904,14762.2561,4690.981679
Bunnahabhain,100,3,SM,63362.58826,609590.9189,17522.03158,2344408.903,2819.22483,0,213173.3022,0,17772.38872,29399.41542,29863.27244,73626.03755,10438.05897
Bushmills,50,1,IW,19900.9743,240361.3099,5246.077188,1824497.173,32089.96781,4237.304334,36826.9074,36366.37156,70574.3201,17001.43752,138494.038,7887.079791,99601.67945
Bushmills,50,2,IW,21804.6665,255389.3481,5627.672054,1927362.894,23774.86328,2541.846372,40024.97397,32207.45202,58438.32427,15187.41783,137202.1987,6359.452633,83086.35287
Bushmills,50,3,IW,21286.38549,240326.0094,5158.844553,1760269.384,31466.59613,4094.253827,37413.54769,37113.71997,79992.12549,17073.81558,150529.543,10833.68016,102064.2638
Bushmills,60,1,IW,25441.82576,276139.2924,5789.141398,1939118.009,20081.9409,2198.533633,38212.14177,25312.32359,68400.13128,12113.94288,96781.33411,10403.55366,73497.78961
Bushmills,60,2,IW,33385.26357,262297.1224,5939.950099,1810455.604,14928.06873,1328.639373,35610.07656,16861.79389,45208.98455,9305.010901,90180.39771,7226.09496,87495.56221
Bushmills,60,3,IW,24849.2097,267537.572,6066.931778,1884479.518,23412.01,2841.032299,40926.62393,25091.4358,73825.66168,14801.25601,101260.5457,11732.53799,75148.85518
Bushmills,70,1,IW,31370.10374,304703.9794,6298.837176,1951240.998,9767.129659,465.3749828,32176.2491,9212.820103,32704.06657,5292.779013,28761.25678,8059.530109,12330.93118
Bushmills,70,2,IW,32645.19259,297167.0306,6270.344316,1893803.267,10723.51043,883.332239,24229.41452,8312.879161,28508.68277,4578.737082,27655.12417,7485.351463,12206.89877
Bushmills,70,3,IW,62014.64387,204173.9648,8253.964226,2027194.604,7682.249594,106.410246,26341.04934,6453.556875,29268.9494,3907.253622,29535.82465,8773.325308,24270.06698
Bushmills,80,1,IW,71080.09731,221934.0686,8730.980423,2077071.252,3012.618346,0,30869.81485,833.8587814,5951.536428,2353.410001,17954.04217,4902.104007,6509.851872
Bushmills,80,2,IW,51270.58163,351288.9162,7501.315163,1983364.553,5640.959756,0,35623.36717,3205.49275,15349.68989,3649.382424,25085.40947,7333.577265,14647.24569
Bushmills,80,3,IW,67901.7252,210337.2119,8674.832263,2036722.727,5105.074628,0,35286.30322,2781.598412,14771.23561,3829.230269,27234.70908,7280.525298,14828.04198
Bushmills,90,1,IW,58598.46127,362415.1337,8275.064737,1934603.902,2754.999854,0,29719.61546,0,2890.48471,2500.587116,21391.50152,2045.599363,7504.584334
Bushmills,90,2,IW,37638.44764,335979.3101,6914.184334,1869724.771,2676.214192,0,29437.96232,0,1854.123116,1751.430332,15330.10847,2078.518058,4241.468612
Bushmills,90,3,IW,35870.01819,350640.0308,6929.665866,1931068.562,2694.392926,0,30307.09201,0,1612.255851,1645.740313,13945.40575,1992.508607,3359.907202
Bushmills,100,1,IW,42484.92642,340793.5643,6419.160763,1733374.256,0,0,23579.49675,0,451.8944887,434.9852603,10660.41398,0,0
Bushmills,100,2,IW,38397.36267,326421.1883,6682.170723,1721068.336,579.087997,0,21720.42642,0,479.0764362,786.5917611,14512.73267,0,3181.137178
Bushmills,100,3,IW,41286.03236,341655.6393,6989.768389,1736364.724,716.8750795,0,22113.82862,0,490.8781408,824.8246136,13857.39473,0,1522.47788
Dewars,50,1,BS,29990.90288,331295.6239,3683.965435,998714.714,27034.50777,1461.440306,135154.9355,42355.69354,196203.6603,99274.37294,243029.7787,46181.87038,91441.03614
Dewars,50,2,BS,27875.44867,304460.7344,3742.767784,943244.8735,24997.97614,1084.615099,134704.9198,41589.4481,209900.3172,84528.71361,259720.1524,52429.15194,122866.7996
Dewars,50,3,BS,31533.52128,318875.8482,3832.532522,968603.7969,27242.62851,1309.669876,148971.9467,46348.83357,221263.0699,94390.76994,316769.7715,56044.50005,148357.6129
Dewars,60,1,BS,37195.93148,364899.1479,4549.588096,1052503.323,18653.43127,502.0586863,157127.6956,30611.41029,209115.8828,83439.26847,248732.0092,65158.81033,126916.2112
Dewars,60,2,BS,33785.89817,376423.4826,4416.144826,1080860.535,18014.11701,551.8459898,129159.5267,28749.717,189254.1833,69898.95956,140251.9871,54643.92668,53221.01848
Dewars,60,3,BS,34551.13541,361212.5172,4391.749739,1046336.832,18874.29082,508.9847806,136313.8343,30467.86352,195676.1124,67860.90593,150000.6466,61434.20357,59106.90099
Dewars,70,1,BS,45216.4196,410337.6666,5452.678235,1085703.059,12435.67206,152.7139556,117043.3761,16197.81138,194667.0895,50049.64266,75534.11854,96413.65586,34647.755
Dewars,70,2,BS,45924.31646,416481.3475,5320.879614,1093454.336,12826.13377,177.0465998,112834.6078,17075.92153,169249.4809,54718.22078,84955.32129,81101.1491,34208.40992
Dewars,70,3,BS,41948.92033,387508.2422,5485.836085,1042660.813,11041.04362,230.5488675,180319.7222,18994.03665,212912.5934,65909.5859,176124.0988,104863.1683,97487.58771
Dewars,80,1,BS,50332.27032,438467.3691,6213.68474,1099611.284,7614.530951,0,88196.08359,5981.997175,79773.36135,22548.1789,25956.3026,104676.1449,7077.538149
Dewars,80,2,BS,53640.36169,442432.0546,5766.467558,1093493.599,5588.511285,0,127929.2783,5628.397584,78266.60886,30681.25068,45255.10809,76870.15615,16027.34791
Dewars,80,3,BS,53735.9839,459010.3237,5978.528401,1130503.32,6617.0384,0,84915.39468,5858.601428,67823.61134,25579.70029,27526.47752,87481.86377,8948.989128
Dewars,90,1,BS,59412.94817,475785.0973,5578.678311,1109453.816,3270.926,0,69803.08913,540.5779159,16948.78705,9063.579783,15291.40713,80714.8737,1887.361311
Dewars,90,2,BS,65332.62303,491086.0778,5819.446538,1116569.083,2980.566356,0,108452.8898,1035.842017,23171.81545,17460.69393,23581.27191,36850.3095,5480.691816
Dewars,90,3,BS,65482.79381,487853.5467,6127.878207,1110288.175,3017.228741,0,108360.5357,1194.579348,25864.55454,24995.57981,38830.90481,41468.04509,9826.476453
Dewars,100,1,BS,58755.61655,459910.6063,5411.997502,992784.7148,538.7741405,0,91861.10263,0,3476.548699,7062.025716,13628.80633,8669.225209,0
Dewars,100,2,BS,68525.53761,482840.0954,5675.825414,1021674.349,1135.854532,0,88554.44418,0,4978.259723,9828.221951,18290.18111,9690.175511,2160.637196
Dewars,100,3,BS,64730.19332,467884.7488,5261.776327,996528.3151,728.2314009,0,86826.83845,0,4035.248703,7040.833904,14072.39563,11473.73218,0
Old Forester,50,1,BU,72876.38547,1092506.6,11919.46271,6790235.377,20357.37893,93498.89848,342636.0386,0,1442.399654,10366.65646,29543.28688,1677.630373,3856.247086
Old Forester,50,2,BU,118976.2895,676325.2855,13849.64351,6752418.858,20559.63411,90717.561,362409.6697,291.3371519,1972.637879,12864.83584,40810.64766,2726.040661,9376.099417
Old Forester,50,3,BU,89562.91513,640217.1721,13407.79579,7024438.394,22791.84675,102180.8358,384461.4223,421.5505279,1783.521293,13272.19378,41164.61244,1862.11577,7196.993309
Old Forester,60,1,BU,69976.76621,1173305.906,11691.67532,6633906.237,12866.92997,64461.53022,340981.8266,0,1124.513621,7913.483733,26479.13586,1246.462584,4643.747642
Old Forester,60,2,BU,143059.61,772988.1329,15427.30229,7511059.134,13200.86718,66103.76483,419494.3731,0,1293.848524,16899.76321,34555.45985,2388.386062,4208.548024
Old Forester,60,3,BU,235381.5314,1040360.274,18342.53385,7865252.021,10284.81083,54436.18855,347033.5728,0,643.3069388,8669.842032,25235.32901,1152.446637,2957.066254
Old Forester,70,1,BU,183900.4676,914880.1589,17645.74426,7823714.656,5964.650252,36094.02448,305089.3753,0,657.4618033,5043.276912,19671.81788,0,1646.839768
Old Forester,70,2,BU,128418.0064,1549840.692,16192.32634,7713946.378,7407.286004,44061.28688,373089.2105,0,746.2208252,9476.758396,25184.54532,0,1892.820133
Old Forester,70,3,BU,280886.2714,1207990.599,21242.82137,8570920.655,5402.555163,35818.42716,295145.7173,0,598.6936858,4373.815514,18743.89225,0,1704.168153
Old Forester,80,1,BU,123663.1622,1651420.508,15839.74193,7714743.818,2534.451862,20738.29241,282041.4826,0,555.4835738,2490.386995,16845.9482,0,0
Old Forester,80,2,BU,182959.2878,1336126.13,19008.48568,8303461.114,2746.502233,22631.05529,275173.9967,0,554.8617718,2105.627548,15631.7564,0,0
Old Forester,80,3,BU,127164.4747,1644419.399,14826.43708,7590491.758,2136.596275,19644.05194,248937.4827,0,505.947699,2101.979372,15896.17122,0,0
Old Forester,90,1,BU,244006.7171,1309893.772,21610.1013,8418540.786,0,10291.51622,191574.5746,0,577.3693076,1665.157354,15415.78083,0,0
Old Forester,90,2,BU,169570.3326,1685334.616,16795.15253,7786930.097,0,10411.4139,236152.1356,0,527.4287708,1235.982468,14384.32739,0,0
Old Forester,90,3,BU,300160.5383,1320206.04,23990.714,8815099.882,0,10097.39645,255847.4836,0,669.8883469,1867.279094,14907.75296,0,0
Old Forester,100,1,BU,162258.6428,1801019.761,16434.9561,7380401.183,0,5135.320296,175432.5576,0,512.7803705,755.8146971,15179.54207,0,0
Old Forester,100,2,BU,144726.844,1738117.431,14574.97627,7070788.328,0,6043.959719,203138.317,0,507.18127,1243.696907,15505.19153,0,0
Old Forester,100,3,BU,35387.27912,944373.735,10111.89171,5727160.424,3975.956145,18383.18142,590293.3087,0,530.0552262,3142.31379,16245.78872,0,0
Glansa,50,1,BS,39681.34789,404146.0794,15108.14452,3273197.277,86713.18408,11309.16651,478002.1741,59867.28027,178013.6615,321520.3566,1239049.65,39929.42211,303871.6291
Glansa,50,2,BS,67081.16215,249399.803,18098.55053,3293646.523,73666.4959,9778.271541,451405.1396,49870.64781,163336.3671,252996.1308,992539.517,50770.42806,257426.6126
Glansa,50,3,BS,70806.26478,233034.6686,17057.51508,3124988.926,71600.30562,9401.528766,399235.474,52092.6202,175129.2692,245204.1333,949604.8791,45122.98148,268932.4152
Glansa,60,1,BS,60099.43427,477162.2453,18260.43077,3539640.104,61924.92057,8524.935549,466172.6873,48056.04869,213569.4045,251067.5256,805739.4311,62674.5085,226621.3192
Glansa,60,2,BS,77195.63489,494892.0498,21821.79418,3806774.818,60134.98775,8148.545415,454883.8106,43014.59423,170637.52,243824.4475,720093.1849,40918.801,198455.7525
Glansa,60,3,BS,48368.73505,485184.9965,17747.09351,3615017.522,75439.44214,10282.77398,498087.9514,63902.93938,256556.8649,304986.331,1062121.322,65210.98558,292133.693
Glansa,70,1,BS,117317.1557,358302.4122,24426.05267,4005731.694,31903.68439,4543.533818,537156.2631,20399.65802,139357.9568,148608.9625,332670.9858,42182.26105,94626.59745
Glansa,70,2,BS,127578.171,366093.5571,25837.02309,3918800.036,35230.6589,4914.779778,408456.0282,30783.92783,215130.4701,137880.9645,356368.4929,61085.88054,127965.034
Glansa,70,3,BS,146384.83,396132.9066,27806.95306,3995425.04,32161.64223,4868.141572,422064.6842,28441.1984,188551.0794,142710.7349,370706.8637,58168.11406,130161.4281
Glansa,80,1,BS,93876.5051,580902.5995,21791.05397,3789720.632,20295.19177,2827.161314,455860.1576,10888.14467,111240.4728,78288.98649,137641.1961,59239.79935,39495.46349
Glansa,80,2,BS,158489.0071,424071.1869,29011.10797,4124673.601,18573.41876,2630.346798,358095.3032,10523.83038,107640.3985,63442.51877,115232.8201,56258.04042,50659.99801
Glansa,80,3,BS,193773.2886,487006.5104,31948.91178,4399424.333,17639.73105,2630.177251,439674.2596,10059.42091,133667.8673,79550.23005,120260.9057,66914.35308,42419.89508
Glansa,90,1,BS,174937.9444,457328.9212,30525.89741,4233690.983,9667.415238,980.4217804,392636.9915,3893.213832,47299.66495,42501.80553,77054.21471,29975.63348,30697.46304
Glansa,90,2,BS,143958.6218,742007.5715,28166.87812,4252036.561,10389.97561,1416.759407,392654.0878,3089.627771,47562.10732,42357.67838,55986.52783,41151.9938,17618.53684
Glansa,90,3,BS,79202.01824,619732.4561,21006.05694,3865166.583,10782.8137,1686.988209,390406.6017,2445.515321,16469.31567,38983.03828,43713.849,19468.08977,9075.866872
Glansa,100,1,BS,146629.2412,741530.1186,27147.79727,3978392.218,5293.072951,0,388015.6761,1434.398157,23454.10121,31551.76507,50341.43928,12201.08952,17658.74502
Glansa,100,2,BS,182519.6634,489289.2504,31417.0322,4371979.327,4096.918833,772.3344038,353372.7045,0,2970.496991,17992.76773,26747.13351,4165.219862,6577.631482
Glansa,100,3,BS,94453.49425,692937.5584,21634.1818,3859943.175,5203.829486,0,304042.5046,563.6610917,16981.54893,20433.7325,33812.83271,10017.54846,9382.424546
Glencadam,50,1,SM,52013.3715,563961.1399,16681.10831,3321722.413,130255.9751,5086.63497,516173.8057,72364.41981,239436.2472,360018.4593,880986.6443,81847.70776,173634.7886
Glencadam,50,2,SM,62550.78525,583042.4528,17704.8067,3315891.019,141840.303,5823.698365,525228.3353,83143.70814,307978.5586,426805.1113,1078471.447,110165.4143,223639.5524
Glencadam,50,3,SM,41255.71874,544278.3557,15207.77255,3185698.638,141625.2706,5855.166078,523117.6031,84746.55835,286861.0786,438822.5974,1116437.299,97750.18264,203716.5275
Glencadam,60,1,SM,43766.32588,612284.8651,16728.95966,3471779.177,93821.40148,3330.425444,644744.9085,58881.73132,269098.1313,296906.5595,691308.6746,109881.8217,163479.1786
Glencadam,60,2,SM,46342.67192,599848.7369,15891.62184,3341993.763,93959.67622,3633.425793,542007.1781,59790.13395,256136.3823,271599.6104,560860.5777,96987.3082,131191.2702
Glencadam,60,3,SM,52321.15647,627375.3113,16856.67828,3358394.153,95340.14545,3716.052344,495246.0818,62488.50957,279115.4779,254528.387,534184.5801,104354.2584,146123.4049
Glencadam,70,1,SM,61138.13618,698971.6353,18652.34042,3506012.511,50006.85477,1645.035763,516385.1402,34277.94151,231048.507,148875.2184,224342.0511,110733.7318,68333.15774
Glencadam,70,2,SM,66328.58724,715371.361,18848.78564,3517391.585,50652.37903,1605.699902,541368.9145,34982.16687,227505.6656,152744.0615,231754.2952,96836.9239,67176.63622
Glencadam,70,3,SM,65204.4409,713045.9184,18771.60503,3536081.729,52390.77114,1710.69872,536557.5144,34079.5239,201272.1219,146945.2081,204126.6974,85274.47521,52806.85637
Glencadam,80,1,SM,86981.58926,855510.6939,23867.15599,3770737.298,27347.13843,692.8358923,489574.5261,15212.60602,116348.8896,83838.69578,108692.938,88185.9419,31159.99853
Glencadam,80,2,SM,76658.15616,784541.6735,21222.03065,3571692.918,24083.04828,246.325911,517668.2447,13269.72034,114424.8444,74815.84507,91593.9047,94278.96989,24294.72479
Glencadam,80,3,SM,78722.11328,789646.8262,21475.28519,3648096.088,24862.76522,349.7239108,595582.5568,15006.984,119266.791,91101.18904,118824.0825,80513.39814,28909.95366
Glencadam,90,1,SM,93001.11731,888583.5307,24510.58337,3718254.33,13450.39522,0,379823.9282,4728.627746,37860.43124,30188.7665,42006.92304,43407.38699,10313.14276
Glencadam,90,2,SM,135629.6822,1016907.799,29222.00638,4060636.213,13740.27442,0,419313.9151,5108.7085,36083.82946,31981.76258,42373.11455,40506.46792,10241.69085
Glencadam,90,3,SM,160891.9745,1148887.931,33692.90106,4364459.218,14761.93139,0,483771.0956,6108.916277,50964.61954,50068.3555,70372.57687,55890.98087,20433.93082
Glencadam,100,1,SM,107797.4907,948203.4484,24961.89677,3781629.653,6797.630914,0,370867.01,894.1440192,12194.66938,16710.73221,27471.89822,22477.38575,5589.820284
Glencadam,100,2,SM,180797.6266,1194337.232,31764.11751,4231653.046,6304.331937,0,334176.3605,1167.504336,18880.59097,17714.91725,35603.82243,31155.8418,12044.98765
Glencadam,100,3,SM,113309.2624,955008.4951,23602.64424,3623375.431,6490.028716,0,319602.3804,735.3749526,10200.37497,13789.33555,26714.61082,17047.53145,3808.060551
Famous Grouse,50,1,BS,58328.73368,226741.8203,3596.459229,899950.4868,28389.27193,0,129625.6062,40941.22062,194461.7519,34220.25599,147636.5091,74757.44418,73882.17686
Famous Grouse,50,2,BS,44724.44045,327399.5055,3600.120392,1045176.6,34863.77694,0,151538.6197,55277.68613,274607.7834,54119.24365,235545.4446,82560.12826,106628.9621
Famous Grouse,50,3,BS,42395.33492,275319.3549,3163.598462,916992.2969,27432.99374,0,139404.8225,41949.14056,212280.6757,33786.55236,154279.4939,85935.2841,80160.37044
Famous Grouse,60,1,BS,57123.74929,301166.9708,3596.800728,983328.9414,23019.16936,0,145405.0736,30297.8221,204638.9994,31431.03328,110719.1093,89661.89626,58156.69945
Famous Grouse,60,2,BS,44627.6616,328417.7583,3686.850649,995057.4145,25437.47835,0,136475.7283,33256.96488,239261.1225,32099.25763,112046.7494,99654.39633,62161.87421
Famous Grouse,60,3,BS,52737.10452,319674.4383,3909.108412,1030379.372,21937.78375,0,154686.0358,31943.46328,229125.2485,35438.20149,122796.2552,92946.54287,62909.52309
Famous Grouse,70,1,BS,64110.59193,394281.201,4279.975943,1119606.86,13829.30878,0,136370.995,15029.87055,146563.1554,21874.63535,55308.58287,86329.76936,22478.30644
Famous Grouse,70,2,BS,69676.0672,361448.8816,4005.476516,1053010.092,12042.16143,0,143826.7561,11733.99049,110138.6364,17757.53135,51285.25133,61911.44604,20446.57266
Famous Grouse,70,3,BS,63452.1743,379748.0022,4064.653992,1089279.204,13614.53549,0,125783.0186,14222.40541,137979.4263,17809.61732,47096.65976,85829.43558,20205.24782
Famous Grouse,80,1,BS,71801.20294,464216.3759,5088.521794,1213070.143,8198.042142,0,135871.1152,6164.585611,83662.50753,13593.04168,31004.97525,84639.59213,12353.94401
Famous Grouse,80,2,BS,60068.02456,415022.3675,4029.626978,1109084.015,9965.534988,0,110193.0407,5847.718494,59993.45215,9648.094559,21818.42384,73138.53836,5566.810178
Famous Grouse,80,3,BS,64264.81414,420012.2952,4281.766242,1147844.351,7432.33484,0,149167.5046,5148.122568,58383.31453,13776.53946,32666.56593,67203.8807,9639.323455
Famous Grouse,90,1,BS,172439.7935,382627.0376,7440.83891,1318723.589,2959.269878,0,98385.87475,865.1139414,16402.18147,4833.077359,16264.11131,27606.45757,5368.788921
Famous Grouse,90,2,BS,73304.93625,474787.5776,4765.814925,1154117.04,3218.164268,0,130897.4093,508.7697516,15954.38056,7057.120645,18903.91039,29956.31079,4100.396817
Famous Grouse,90,3,BS,173507.1832,379350.0091,7680.246836,1288690.579,2691.080272,0,100988.8594,538.4500313,16373.60683,5054.856943,15906.19814,29649.66959,5046.497206
Famous Grouse,100,1,BS,87041.6378,483020.4821,5541.748577,1125472.511,1157.246291,0,83917.74682,0,12396.53762,4199.156568,17840.15184,12693.57737,4608.125251
Famous Grouse,100,2,BS,124493.758,481414.2527,5024.548667,1084107.032,1269.290507,0,104528.3896,0,6202.414452,3435.958718,14779.93531,9995.273771,1439.422834
Famous Grouse,100,3,BS,166082.0786,353375.9541,7590.02005,1259093.381,677.6409144,0,71652.78057,0,11726.37036,3013.682636,16843.543,12639.01239,5388.066714
Highland Park,50,1,SM,20063.20695,398444.9106,9298.075889,2117094.775,87600.65022,0,392970.2473,83967.40081,172203.6939,263426.8235,970392.7802,34193.75112,182262.9842
Highland Park,50,2,SM,20322.02985,431113.3021,10580.8826,2281438.429,63134.39464,0,371833.5583,79279.16805,212999.6534,243293.3559,1009985.286,46770.69966,202476.7923
Highland Park,50,3,SM,23090.02246,430213.5209,10332.24019,2250261.677,67067.58195,0,350679.7906,77711.48125,216737.1271,236131.2904,903170.1558,46290.3467,223187.0301
Highland Park,60,1,SM,28116.33333,467202.897,10790.2419,2306836.072,50693.35447,0,311000.0622,67709.58148,190660.1091,163008.029,527323.1075,38280.50102,135213.2816
Highland Park,60,2,SM,20735.35274,458963.8797,10720.94796,2259210.43,50747.43378,0,318360.5934,69097.09676,180873.3887,184956.017,605178.8293,39725.23353,138055.9261
Highland Park,60,3,SM,27774.09373,477067.3117,11435.20124,2355397.105,49619.58506,0,417073.9916,58753.82523,200266.4107,199508.1012,667463.4487,42981.12167,185506.937
Highland Park,70,1,SM,32426.28528,529324.9904,12004.77873,2424492.563,31129.68664,0,303343.7909,45793.19051,183042.0259,108861.531,199233.4058,44240.77447,51234.06227
Highland Park,70,2,SM,33386.11734,523857.5838,11910.03788,2420469.918,26556.42076,0,344042.3139,32465.70097,176621.4952,108552.6475,223892.9323,41593.88054,56323.50216
Highland Park,70,3,SM,24067.2505,485103.3314,11384.48931,2274544.637,29866.54922,0,258074.8592,46929.52115,192111.6541,104354.5527,218908.5241,50950.37777,67134.59832
Highland Park,80,1,SM,35747.29034,570501.7696,13097.6843,2401584.412,13399.40417,0,246656.129,15862.23109,116238.2963,54890.80929,76174.93602,62172.73663,25569.40104
Highland Park,80,2,SM,36342.59894,567036.7111,13227.29673,2414758.864,13822.4447,0,249508.7511,13520.59291,115045.363,55497.54662,74882.50267,61505.88374,26640.72876
Highland Park,80,3,SM,34979.67765,561038.0838,12812.12054,2377056.681,14251.85592,0,222017.2263,15559.80272,119963.2184,45054.42055,50868.57427,57875.96344,18180.05992
Highland Park,90,1,SM,43560.45,608504.7822,14022.86672,2386442.304,6732.880561,0,253499.8736,4423.937114,32453.08221,39200.86389,57683.33161,28452.30829,17814.8577
Highland Park,90,2,SM,38746.37347,556032.8389,12258.52651,2236311.024,5817.776741,0,242908.2676,2745.427419,22904.18503,22118.0418,22498.65639,21297.28597,5029.017025
Highland Park,90,3,SM,35529.85712,582754.5147,13285.06596,2268538.718,5963.675585,0,273840.6096,4243.4618,34620.43461,33770.51248,38072.44773,29475.85475,10808.00685
Highland Park,100,1,SM,49410.07344,587937.2597,12635.50991,2150457.231,2542.242492,0,212775.1375,0,3248.292223,11419.74951,14072.13566,3293.148375,1004.714751
Highland Park,100,2,SM,52957.69458,622000.4903,13643.57691,2277805.226,1890.598496,0,141895.464,0,2072.961104,5823.956989,11969.51397,3296.627604,0
Highland Park,100,3,SM,48556.79787,620358.8421,13963.89761,2243536.395,3235.565518,0,234286.4886,1225.500271,14732.8316,26750.71794,49763.03665,12542.40943,16707.91443
Highland Park Dark,50,1,SM,25807.26191,385130.838,9539.439245,2466425.041,38245.23967,0,319194.1706,34950.97556,81896.39632,221135.9864,711164.6831,41272.71786,129553.0028
Highland Park Dark,50,2,SM,22038.25639,383501.6219,9317.781903,2490122.066,35315.72802,0,315998.35,32654.24047,84484.99138,215245.8042,678137.4333,40801.5222,151874.3344
Highland Park Dark,50,3,SM,25454.14359,371258.0218,9102.52166,2388959.474,40464.71941,0,374973.5542,27309.64981,74935.40437,220728.1926,610219.8507,34806.8315,130308.7897
Highland Park Dark,60,1,SM,26729.71483,414414.9958,9339.558388,2456276.891,21827.34775,0,305352.3729,25293.21778,60305.25616,139813.6534,369810.6724,30730.91082,68123.33555
Highland Park Dark,60,2,SM,29373.72272,435702.1035,10276.65389,2584920.142,24539.5439,0,303644.015,24653.10112,74999.88769,136373.5143,296127.1659,35263.47156,82364.61049
Highland Park Dark,60,3,SM,30094.96631,426446.9079,10040.29855,2545613.491,27341.54592,0,313249.897,25131.47985,71990.88232,140284.4917,266552.1118,34798.94738,71432.91039
Highland Park Dark,70,1,SM,29722.20554,429886.3272,9697.462028,2383300.764,12792.66202,0,259976.397,14612.11927,63252.50353,74859.99784,109806.1713,38408.41556,36692.42546
Highland Park Dark,70,2,SM,30887.15877,437057.7997,9980.534558,2403253.471,12827.73949,0,254375.5698,14517.87932,59537.48832,74007.48339,105115.5019,37119.49026,32894.24208
Highland Park Dark,70,3,SM,37081.13904,467034.292,10744.61941,2560658.111,13323.01769,0,275123.6939,13650.0021,63592.51435,77195.13145,129815.3679,36059.99404,41953.27815
Highland Park Dark,80,1,SM,34904.30843,451020.6061,9964.397067,2305894.161,5519.742452,0,267190.8579,3459.314776,23492.1904,38950.10011,40655.28112,24814.34216,10664.58098
Highland Park Dark,80,2,SM,45869.98094,500377.6257,11088.47306,2485393.139,6512.087772,0,281565.0902,3837.29768,21801.28559,42677.89577,44515.13315,22904.48578,10619.62541
Highland Park Dark,80,3,SM,39434.01522,472037.3878,10018.91687,2369252.95,4529.813499,0,250938.456,2760.552191,17531.34967,30858.3543,28687.37405,21272.86265,5796.571315
Highland Park Dark,90,1,SM,43326.02127,466874.5521,10268.1114,2215051.269,2558.55749,0,232493.3188,0,4493.177937,14383.94752,17020.76083,7595.013484,1476.421331
Highland Park Dark,90,2,SM,46801.6173,493946.4066,11370.10374,2308319.278,2849.113643,0,171090.3555,0,10446.27095,15776.31427,28694.4763,10989.57321,12214.70534
Highland Park Dark,90,3,SM,49889.54381,512639.8855,11936.21021,2382084.554,3389.688667,0,241138.0607,793.0415198,14085.41785,27624.13631,46025.10885,15523.92795,20491.3821
Highland Park Dark,100,1,SM,54043.14191,504016.4458,10630.46802,2164000.397,1048.359295,0,161017.7849,0,1529.750871,9020.453154,17358.31585,5318.35311,4313.786492
Highland Park Dark,100,2,SM,52520.00374,503213.7496,10986.25714,2202432.512,1185.60312,0,195840.3739,0,3211.544388,13891.15102,21840.66822,5941.993285,6824.724542
Highland Park Dark,100,3,SM,53381.12257,511783.7974,10950.55401,2220310.644,783.9183177,0,129473.6494,0,2191.197412,7040.867768,15966.75236,5506.574053,4697.396917
The Irishman,50,1,IW,33642.80119,253023.9201,8238.691473,2139720.828,87511.4713,980.0431507,42952.62509,44116.00155,23030.11377,44529.98889,456500.6455,5276.782112,169856.1105
The Irishman,50,2,IW,46623.00392,256497.5751,8935.994948,2107694.878,70810.94113,485.9315572,39674.49029,32283.53143,18973.06095,34134.39803,341298.8812,5600.932467,155498.192
The Irishman,50,3,IW,32512.37235,248027.3524,7592.953646,2097271.177,88812.32856,1088.442437,44009.66344,45525.90376,23889.9371,42389.13512,489475.3314,5548.091986,183933.237
The Irishman,60,1,IW,74017.68516,190727.3416,11291.82106,2279830.106,49641.39306,203.0258567,33489.09772,26689.79036,17917.80727,21546.65077,177550.0672,4860.38535,84103.75002
The Irishman,60,2,IW,57781.60356,285274.5382,10222.16915,2204414.869,56755.31445,194.6241649,43031.12861,25310.55499,20087.11014,27539.42466,221305.1588,5483.566143,123615.4975
The Irishman,60,3,IW,43067.19986,285627.5651,9052.039427,2191354.989,67722.2925,635.9029225,37545.57067,28288.1364,22328.96039,29005.59983,196982.1571,5780.873401,95429.41828
The Irishman,70,1,IW,41428.97354,310716.3187,9666.49801,2407601.438,37684.07935,0,39286.20299,13624.26499,16346.28281,18031.44034,107276.7248,6397.00211,66148.25823
The Irishman,70,2,IW,43365.18653,310691.2485,10287.09932,2391366.764,42276.34696,0,34186.96773,15430.91422,15903.59558,17831.17123,96881.41496,5252.015924,49492.52738
The Irishman,70,3,IW,51681.44982,311833.3336,10421.731,2303370.029,41250.57558,0,29449.88545,15308.65195,17243.99778,15995.72588,84425.66412,5788.196726,46071.87774
The Irishman,80,1,IW,52586.90665,349772.3146,10370.80679,2431182.052,21143.08031,0,44090.46002,5139.814581,10049.35643,11173.90951,57254.44922,5910.267831,27060.35838
The Irishman,80,2,IW,54295.43985,354778.3405,10567.7056,2420525.202,22878.99375,0,49063.24176,6576.711513,10968.00228,14540.25795,74953.20154,5788.882781,29357.09564
The Irishman,80,3,IW,70850.20116,376127.3861,11886.49038,2476016.619,16483.66008,0,42281.89765,3213.977925,6552.625039,9383.106365,41640.83463,5029.848263,21413.57072
The Irishman,90,1,IW,80283.05445,393941.4485,12768.45121,2428384.612,10259.48915,0,33463.75454,349.9500102,1055.919211,4656.737665,23691.10448,2701.283747,7955.003571
The Irishman,90,2,IW,62509.08253,391551.0963,11506.03987,2493766.2,11842.9091,0,37482.72441,459.5517062,1138.402155,5071.461013,23265.3088,2410.006927,5712.329438
The Irishman,90,3,IW,59471.91144,382554.0322,11218.12363,2428849.425,12060.36652,0,37599.07197,477.2613567,787.9567759,4699.967671,21900.8353,2709.518504,5471.288638
The Irishman,100,1,IW,91825.00587,443558.0264,14106.51415,2455515.707,5436.459531,0,25034.11067,0,0,1671.834957,14621.1368,0,2957.113985
The Irishman,100,2,IW,121063.7465,425529.9995,15547.08248,2612532.376,4476.691996,0,29800.53857,0,0,2522.564945,16483.18809,648.0490926,6449.249422
The Irishman,100,3,IW,68996.05777,403969.8858,11744.24979,2375919.222,5421.60959,0,31219.7945,0,0,2688.601682,17647.37742,384.1780166,4905.795652
Laphroaig 10,50,1,SM,41425.59987,653255.2429,21943.45777,4326940.414,146958.7265,6483.40139,732474.8073,214968.1093,401080.9183,71315.0811,141646.4078,121955.5233,36119.02142
Laphroaig 10,50,2,SM,44186.78421,685067.6074,22587.1612,4499417.665,143459.9847,6603.456163,772101.7499,225531.206,440925.1138,81740.54379,159537.437,128651.0381,40874.93133
Laphroaig 10,50,3,SM,50226.44928,586016.6203,22196.1527,4092563.063,122297.4428,5527.926312,701026.5244,201951.5897,358506.3558,70116.30766,148580.447,87289.10814,39945.46055
Laphroaig 10,60,1,SM,67196.04169,720854.797,25324.63875,4367996.184,89322.21041,3949.714065,669271.5407,118630.4517,274813.7951,41687.4121,64808.36877,87612.08159,20881.94687
Laphroaig 10,60,2,SM,48255.75626,694877.3148,22909.53162,4271721.064,116694.5996,5046.939153,793570.3005,145698.1898,390169.2386,54253.0602,75942.61202,137596.146,22693.29157
Laphroaig 10,60,3,SM,91123.07262,457171.1544,28806.72717,4285102.923,74726.86494,2784.559036,562491.6969,119071.1499,336231.3677,37372.14958,57323.06485,121426.2162,19753.2613
Laphroaig 10,70,1,SM,79352.41149,757043.9366,28374.43818,4451198.088,58742.72883,2367.230328,641358.3314,62809.47251,275966.0981,31046.14622,42179.09988,132315.6784,17000.98769
Laphroaig 10,70,2,SM,99403.47154,507131.1345,30997.32619,4653294.617,49048.72477,2370.06115,531592.128,51788.51052,192784.8199,19097.2137,27201.2722,100097.3796,8802.402891
Laphroaig 10,70,3,SM,79444.64321,780539.0445,27853.71871,4562766.707,50548.1822,1982.971936,489346.148,52384.58903,188141.8126,16997.16733,24495.81009,91601.6199,7203.145136
Laphroaig 10,80,1,SM,106198.5192,533637.1432,32240.54205,4685676.558,25611.38306,826.2391111,581762.0708,18753.97999,73309.23211,12074.61314,21033.89246,70776.06455,5333.765554
Laphroaig 10,80,2,SM,67238.36416,831638.3555,27256.38414,4501867.247,24755.07172,739.5215879,702368.047,17970.87741,68576.97873,13676.99933,22576.20703,69933.11597,4620.871654
Laphroaig 10,80,3,SM,59495.2574,800740.3772,26062.69851,4326383.324,26322.6365,862.9533201,714790.9652,18775.80644,64071.41349,14425.7138,23187.48418,64524.5789,4713.933824
Laphroaig 10,90,1,SM,187391.4513,774028.172,45130.14843,5205588.651,11302.05921,0,446479.4843,3242.507947,12886.80213,4431.296676,15139.59789,22449.20283,3075.87612
Laphroaig 10,90,2,SM,83851.99746,955730.6285,31514.78522,4542595.103,13809.4429,10.8835557,517095.0202,4782.86231,22283.85293,6290.350148,17234.72954,30648.96589,3309.199669
Laphroaig 10,90,3,SM,91012.09557,897937.2882,29985.90349,4407382.975,13488.51745,0,498126.1297,4676.597274,19841.89096,6057.821148,16205.74165,29462.08782,2595.928807
Laphroaig 10,100,1,SM,90180.90241,1015423.12,30701.2059,4409519.172,7184.02154,0,425701.9058,501.6280488,4478.117334,2836.518168,14257.21656,10625.9414,1273.507592
Laphroaig 10,100,2,SM,169356.214,722462.9495,40739.66411,4978148.31,5687.876821,0,358520.97,0,2523.937067,1844.078791,12369.49787,7561.461486,1289.928033
Laphroaig 10,100,3,SM,135022.0396,621454.5998,35205.11753,4448719.837,6599.189613,0,366879.5772,324.0755071,8617.781717,3327.223351,14790.51831,10591.3531,3357.612817
Maker's Mark,50,1,BU,80406.61055,721160.0592,19455.44398,6985054.431,12460.38539,24200.98864,1124709.786,210.0411291,4667.710606,3255.438354,22044.98932,4671.559612,7318.10354
Maker's Mark,50,2,BU,44496.62376,1088803.286,18221.8671,6644231.6,14107.1249,28300.04424,1247048.222,335.5110362,5259.452555,3277.601309,21504.00997,4914.631157,5928.63013
Maker's Mark,50,3,BU,45424.28567,1188641.956,17229.18226,6923090.523,14063.5147,29451.24926,990178.6397,76.13623461,2701.022738,2203.105478,17397.15648,3289.287982,2462.657717
Maker's Mark,60,1,BU,56870.36361,1216905.841,23074.28438,6795203.591,6263.156291,13625.57817,945137.7339,0,1451.066538,1713.135371,18082.25199,2928.588698,3077.11997
Maker's Mark,60,2,BU,54747.28003,1165973.015,23879.69185,6553517.459,6546.191531,13902.98958,1062497.868,0,1659.880444,1630.412281,18182.16644,3076.602254,2714.072865
Maker's Mark,60,3,BU,53090.07103,1335455.469,22768.08592,7027938.652,6804.72307,15205.178,1046189.496,0,1036.982118,1582.161933,17768.67473,3301.828717,1615.517628
Maker's Mark,70,1,BU,118189.3007,964389.2005,25905.78982,7245203.225,2689.537194,5348.40726,516010.6514,0,0,0,13460.6289,724.3474009,0
Maker's Mark,70,2,BU,58048.27316,1322525.199,21386.93454,6476768.651,3098.735906,6186.182646,485075.5152,0,0,0,13835.4698,623.2857432,0
Maker's Mark,70,3,BU,76401.82238,1395798.124,22687.41519,6678787.134,2933.076392,6010.633209,490439.3804,0,0,0,13611.98616,841.7914311,0
Maker's Mark,80,1,BU,121666.6814,1029223.49,22972.10172,6844066.158,1121.599843,1459.957479,640945.559,0,0,0,11931.71989,403.7049117,1388.839341
Maker's Mark,80,2,BU,77260.06094,1353461.917,20071.37323,6217471.283,1188.498639,1560.416297,441410.6665,0,0,0,12776.47539,0,0
Maker's Mark,80,3,BU,131438.5413,1041883.93,23912.09628,6996735.521,1112.394241,1252.495519,564029.9686,0,0,0,12085.56269,611.8982415,1577.318091
Maker's Mark,90,1,BU,121186.4129,1615473.312,18054.26603,6536213.482,993.9230559,0,429835.6086,0,0,0,11957.9623,363.4839024,0
Maker's Mark,90,2,BU,109935.2334,1654067.663,15724.63261,6232833.494,970.2948418,0,431062.797,0,0,0,11874.91166,0,0
Maker's Mark,90,3,BU,160744.4769,1124166.195,20353.25644,7057612.836,969.7723194,0,350994.5006,0,0,0,11669.93392,588.575494,1943.601608
Maker's Mark,100,1,BU,151843.6214,1994863.444,18832.57652,6786176.218,1020.497923,0,515050.2442,0,0,0,13802.91493,603.0983225,2158.998678
Maker's Mark,100,2,BU,175533.7715,1303351.561,20026.81597,7190066.095,951.6457848,0,428821.2631,0,0,0,11226.46243,492.7227899,1457.723221
Maker's Mark,100,3,BU,168133.166,2028676.961,18825.07674,6978583.949,933.6697951,0,382632.9456,0,0,0,11889.37117,631.7550726,1981.048327
Michter's Rye,50,1,RW,24416.94855,713979.4483,6269.226762,4273570.539,14030.045,10448.28906,303759.663,902.5183082,1902.451552,10314.95838,38277.43047,3395.660026,7470.987524
Michter's Rye,50,2,RW,34920.86668,387605.4743,6357.474033,3919647.11,16384.07166,14036.5662,243248.1102,842.100555,2595.260363,8825.783761,25319.5288,2034.417744,4797.57474
Michter's Rye,50,3,RW,28128.42826,635571.2134,5634.555455,3886647.552,14923.26928,13192.75213,256214.9024,922.292577,2432.565718,9333.91305,26673.80924,2417.656029,4950.3863
Michter's Rye,60,1,RW,35426.85737,769916.4073,6093.617858,4219510.102,10442.05084,9536.383609,227949.678,374.0601925,2409.669159,6628.690698,20603.00609,2499.218754,4341.54807
Michter's Rye,60,2,RW,46073.25321,465198.1621,6499.082215,4250263.213,11262.18663,10804.09749,223805.6104,265.6413057,1323.630894,5628.453533,18006.56625,1676.0071,2516.404527
Michter's Rye,60,3,RW,32331.42665,778974.013,6472.350513,4317703.986,11251.0107,10534.82102,242554.2683,342.8304626,2602.063461,7469.799748,20730.71636,2056.733198,3455.147161
Michter's Rye,70,1,RW,39486.36298,869108.634,7595.867014,4421639.131,6796.807103,5916.160169,290644.8001,0,1171.754357,5480.474616,17678.43234,2723.718568,3112.781957
Michter's Rye,70,2,RW,40266.51961,846184.8275,6761.872989,4281513.433,7370.248132,6711.435282,243377.1135,0,1489.530097,4769.810955,16301.28666,2166.912936,2013.418961
Michter's Rye,70,3,RW,49857.54181,498378.4878,8178.878481,4326360.502,6811.369828,6156.692977,208336.329,0,884.7682979,3233.09939,13650.59196,1532.163213,1494.460857
Michter's Rye,80,1,RW,57952.76566,1030985.738,8499.52532,4459137.683,2491.07282,1593.435567,157786.6241,0,0,946.8896086,11352.2415,978.2535448,0
Michter's Rye,80,2,RW,46154.72846,1105291.017,9053.521956,4832123.93,2557.762161,1516.705608,170172.2069,0,0,1079.805991,11625.87966,820.7011449,514.8179963
Michter's Rye,80,3,RW,64989.51574,584898.9015,9343.662083,4381264.336,4147.985193,3585.687356,173690.9903,0,0,1431.116511,11571.50462,1290.976815,628.992519
Michter's Rye,90,1,RW,58378.19601,1026593.716,8835.120122,4411306.514,2003.289649,839.7429489,162456.5192,0,0,711.5251316,11085.66407,1138.338761,0
Michter's Rye,90,2,RW,71020.01299,631203.4522,9667.635517,4448865.712,1731.593808,808.6519658,130872.9377,0,0,452.5347002,11345.86022,916.8192856,649.8546903
Michter's Rye,90,3,RW,38818.0625,943654.188,7747.888729,4147198.982,1591.217882,627.2561675,125621.9602,0,0,317.4836353,12023.58146,817.7674468,615.3126916
Michter's Rye,100,1,RW,49009.93283,1104278.436,8274.910834,4276945.906,856.8429791,0,144479.8636,0,0,0,12112.99971,911.6583113,624.9765385
Michter's Rye,100,2,RW,48633.04819,1071326.354,7613.734295,4172396.664,749.8275811,0,130893.3936,0,0,0,10666.92692,0,0
Michter's Rye,100,3,RW,50234.76651,1078457.524,7698.703461,4237968.203,994.0986892,0,121271.357,0,0,0,11163.35089,0,0
Monkey Shoulder,50,1,BS,105886.4795,314458.8035,12907.05181,3201894.374,132917.4976,6816.348728,553997.0853,127829.3167,355127.4957,201403.7069,705562.4689,81640.61366,198818.6971
Monkey Shoulder,50,2,BS,43248.30284,397087.0017,8988.068598,3057168.855,167913.4111,8777.222455,550364.106,149029.8042,384557.8089,220963.9777,780213.088,93183.80485,213132.3494
Monkey Shoulder,50,3,BS,46872.92171,431612.9025,9705.74026,3231573.733,170260.3545,9112.216591,583419.0564,151920.8462,388213.2012,245278.7761,806099.3535,89704.89738,187066.9324
Monkey Shoulder,60,1,BS,53136.99448,460507.9957,10178.61844,3194858.613,119846.8186,6392.691469,501523.8907,113755.5353,417557.6969,156250.8599,415589.1762,94589.67172,142670.7041
Monkey Shoulder,60,2,BS,61565.8028,443102.2951,9676.550543,3119758.061,115124.7546,6057.935729,500041.107,103379.1389,365647.6905,144254.2791,351474.9104,106368.0287,112191.9966
Monkey Shoulder,60,3,BS,99541.01761,312388.6903,11993.18011,3230700.561,94234.93359,4773.267378,452391.5288,83990.49289,311530.3593,107739.7285,265384.5412,88444.8189,94321.43052
Monkey Shoulder,70,1,BS,107602.0128,438256.6895,13835.54099,3638511.41,57661.78973,2529.241879,500529.7583,43493.20084,265421.2627,75902.52262,124442.7993,89081.73357,40588.95387
Monkey Shoulder,70,2,BS,130926.4913,382765.6377,15187.16759,3627025.906,59788.2606,2707.713966,460592.24,46282.67313,300536.7341,72200.47542,114070.5709,104229.6068,50119.74789
Monkey Shoulder,70,3,BS,151698.3198,423320.2408,16591.86566,3867763.604,66992.5216,3339.431442,519074.1321,49419.43776,314332.0922,86474.70574,133686.6722,109822.4798,53005.77611
Monkey Shoulder,80,1,BS,115223.1773,405423.5744,14910.87292,3785808.358,29719.82238,800.529166,444742.0029,15979.23433,114769.4247,34695.78796,47128.08742,67543.20527,15447.31721
Monkey Shoulder,80,2,BS,71073.96156,585138.2401,12098.23809,3566399.196,32151.95919,1015.426347,508950.3828,14701.23083,99511.31555,43018.44963,54079.53892,59541.03665,14003.64472
Monkey Shoulder,80,3,BS,131023.5434,412920.1806,15394.49246,3752327.833,33065.4455,1002.816612,475729.0532,17089.61794,132272.0197,42042.27954,58654.93628,82981.51181,22680.59388
Monkey Shoulder,90,1,BS,235444.4014,628609.8404,23129.98497,4599962.147,15836.99279,0,514410.9657,4565.586129,36046.48435,26947.20181,36085.58333,41933.05626,13548.78632
Monkey Shoulder,90,2,BS,221778.2407,581243.4339,21642.68991,4433675.892,14070.29675,0,360939.5452,3042.192096,22212.59258,13596.12867,20913.07464,28159.70009,6852.062946
Monkey Shoulder,90,3,BS,141208.1647,467905.5806,17475.8271,3967218.461,16414.80938,0,366554.3611,4625.504466,40468.36728,19117.02787,30354.53286,37901.87681,11540.49816
Monkey Shoulder,100,1,BS,90830.2415,643080.3373,12443.69407,3270383.156,7833.276519,0,241290.0946,462.8814332,12469.39881,6261.172504,18972.88145,14135.83482,5105.453163
Monkey Shoulder,100,2,BS,83673.70084,614820.7558,12448.78875,3228685.183,8577.712843,0,392119.3096,630.7463456,12735.97407,12749.72831,21381.04366,15496.59406,5036.523345
Monkey Shoulder,100,3,BS,301574.7936,785967.0779,28188.25167,5129730.652,7065.260591,0,327898.2773,154.3670667,10010.40988,8750.477543,18873.9093,13820.9024,6671.151561
Four Roses,50,1,BU,32322.6485,699768.6813,5418.534897,5111780.164,34771.31329,93835.83137,237875.1656,1291.786012,6976.201898,7431.601371,28306.39651,2096.136977,8099.720795
Four Roses,50,2,BU,33717.78897,731370.7931,5543.026428,5221533.306,31660.09632,85954.66491,217037.5525,1158.28035,6236.164287,7385.713105,29025.17752,1874.364506,7505.802849
Four Roses,50,3,BU,33362.99225,721338.8958,5204.095349,5237909.959,31803.20254,83447.84005,214418.9022,1256.910051,5699.764618,6310.501916,27328.51351,1410.702533,10793.51935
Four Roses,60,1,BU,37834.12857,795509.441,5742.133061,5451733.086,22990.35174,61224.96772,285503.7225,337.0298211,5557.553641,6572.137879,28566.99734,2038.592496,11208.22838
Four Roses,60,2,BU,38768.18067,798636.72,6122.241955,5406970.515,29549.63784,81899.45908,251272.7335,634.6181667,7403.17679,7264.769844,26146.58709,2703.675951,6530.860221
Four Roses,60,3,BU,39784.45914,814135.0584,6033.901553,5413850.35,23942.67846,68108.52079,217854.2141,393.9007678,7123.691459,5944.360883,23064.28193,2393.70972,5072.102225
Four Roses,70,1,BU,46923.30989,912254.2166,6734.371254,5608531.582,15339.59339,45506.57037,197581.7843,0,4927.510061,3817.824164,18120.58677,2132.954573,2495.702948
Four Roses,70,2,BU,47950.58007,937910.7294,7177.01478,5716869.692,14815.53094,45076.90327,232152.5799,0,5264.601129,4104.166536,19302.00535,2517.179372,3338.179879
Four Roses,70,3,BU,44208.87761,873986.2114,6376.63264,5421403.788,13442.42298,39842.78059,207038.0913,0,4959.662055,3860.420381,18054.6035,2510.218377,2090.979304
Four Roses,80,1,BU,53672.10932,1002778.108,6964.226472,5749251.709,8740.009559,27171.43653,194345.5203,0,684.5535461,1943.799907,15363.93646,893.6718282,830.1996423
Four Roses,80,2,BU,51532.19542,970429.479,6947.102051,5649014.194,9105.353507,28565.95112,167434.8553,0,782.2662653,1603.230582,14321.91478,715.9418017,641.4136519
Four Roses,80,3,BU,53731.85115,974828.3541,7327.494798,5558940.775,9109.037052,27811.91452,208448.0443,0,1227.651247,2542.393275,17175.85455,1096.288727,1626.388483
Four Roses,90,1,BU,60017.4589,1042173.526,7563.158078,5573623.129,4527.699789,14918.58389,166203.9427,0,0,1698.038864,14571.44699,0,1595.628939
Four Roses,90,2,BU,59641.62819,1041837.04,7442.512651,5612786.859,4889.545645,16878.43995,173412.013,0,0,1137.211875,13669.83356,0,0
Four Roses,90,3,BU,58829.15066,1017262.131,7297.426897,5512914.919,5203.737346,16509.58045,193989.8772,0,0,1390.636486,13819.55269,0,803.6289524
Four Roses,100,1,BU,63495.20107,1056961.987,7229.902236,5313795.73,2008.314657,7703.549272,151247.8474,0,0,0,11496.88207,0,0
Four Roses,100,2,BU,63727.89479,1043442.635,7197.362991,5206141.597,2288.755652,8164.906291,147078.7589,0,0,499.425846,12227.69555,0,0
Four Roses,100,3,BU,65160.18689,1053559.788,7299.687112,5224241.566,1959.954256,7048.143827,111907.8712,0,0,774.1623451,12637.74483,0,0
Russell Reserve,50,1,RW,38986.67568,946313.1959,5107.710574,5847799.097,76877.42248,92592.94271,715278.1923,8757.643248,18402.22664,65316.61654,188997.1658,7603.907001,55636.6409
Russell Reserve,50,2,RW,74147.02943,688786.9255,6129.937191,6532372.484,60309.46013,74080.587,657553.8978,6349.335695,14100.50875,52938.7625,148999.4232,6864.951682,46639.08633
Russell Reserve,50,3,RW,30238.40309,887819.4661,3859.06263,5722871.286,77666.33653,93977.4517,671727.9015,8661.177941,17051.65591,62931.44857,177568.4998,6889.77202,46285.59153
Russell Reserve,60,1,RW,38973.69256,1047562.615,6770.513804,6266215.75,52962.42692,66041.97219,718525.9615,5785.514215,16352.43836,48943.44152,107503.622,7505.336869,30161.15109
Russell Reserve,60,2,RW,39193.27148,1057731.151,5370.089714,6086595.906,50790.08675,62503.10721,613752.2184,5478.760387,15498.64153,37475.29107,87240.66929,6479.287169,25502.79123
Russell Reserve,60,3,RW,75396.0383,730107.9828,6017.009738,6709118.007,42192.39886,53145.56448,585356.3123,4379.280638,13539.4368,32283.06011,77833.55398,6362.127088,24598.96302
Russell Reserve,70,1,RW,60471.25621,1354035.933,7162.174907,6798212.415,30243.86036,40203.551,543460.2778,2131.541657,9989.412433,21892.13781,44240.47467,5739.185406,9243.843822
Russell Reserve,70,2,RW,49227.55832,1228767.484,6539.587779,6423796.475,30535.71979,41200.63304,556294.4319,2577.704295,10744.31284,22546.71797,45673.5791,5575.332776,9816.697866
Russell Reserve,70,3,RW,46265.79886,1229761.453,7723.328135,6791894.161,29441.6928,37929.73226,725396.4006,2207.574359,9295.372711,27873.62684,53837.71816,5879.923921,10944.52555
Russell Reserve,80,1,RW,57556.50538,1381370.27,7813.348074,6850582.237,16558.04433,22341.16863,665139.5799,935.614114,5301.035005,17062.30277,36279.14085,4535.986169,3110.516967
Russell Reserve,80,2,RW,65184.70347,1429888.963,8286.432505,6993738.644,18366.45833,25141.4971,722704.0277,913.360137,5030.588321,17935.32485,33247.64356,4432.948289,2481.946177
Russell Reserve,80,3,RW,53935.68951,1352655.254,7090.417414,6856557.356,16149.12063,21993.9447,668936.0971,857.7530604,4168.019186,16379.74977,33720.30403,4559.526405,3051.451106
Russell Reserve,90,1,RW,70362.98923,1546743.333,7439.137399,7032982.614,11807.13089,15000.76997,507068.0487,149.4883239,1161.884501,9262.646101,31014.68475,2939.83191,1984.389691
Russell Reserve,90,2,RW,85190.91927,1737299.176,8921.408932,7589512.025,11979.38489,15401.70804,596131.5023,250.2590455,1087.48365,9747.322457,29240.12339,2642.66017,855.4178414
Russell Reserve,90,3,RW,71928.50384,1517093.434,7424.418324,6731160.108,11249.859,14235.42322,463101.6527,0,738.1780358,6898.581197,28215.16797,2460.905982,1678.300573
Russell Reserve,100,1,RW,84528.52458,1641430.625,7208.174375,6490546.728,6148.742747,7606.816877,382460.461,0,0,4181.270323,25620.64318,969.948373,2133.090488
Russell Reserve,100,2,RW,166453.9327,1255986.559,10082.61462,8080071.615,5642.955705,6763.646162,384480.6189,0,0,4287.718829,26505.73776,1215.234241,3307.895192
Russell Reserve,100,3,RW,75251.88972,1568632.264,6747.616528,6441985.626,5944.30993,7397.403191,432642.8912,0,0,4331.418481,24639.79492,832.4542699,0
George T Stagg,50,1,BB,27042.93338,338389.0784,20770.46253,4577040.533,6108.905881,12024.15825,235053.9316,0,0,1447.201617,12635.47484,256.662259,0
George T Stagg,50,2,BB,24411.21976,334694.0589,19974.53185,4589164.591,5768.405113,12038.20349,258532.9663,0,0,1802.943409,13388.42472,0,0
George T Stagg,50,3,BB,26292.5036,324739.8645,21285.47794,4478426.81,6462.662694,11587.73505,430130.313,0,481.8648419,5173.072114,16273.40299,2275.22016,1791.078524
George T Stagg,60,1,BB,28344.08812,327363.1533,20011.43917,4078759.307,3222.399823,5349.20005,190485.4514,0,0,0,12018.58155,0,0
George T Stagg,60,2,BB,28423.07317,332026.7884,21202.34239,4086405.275,3877.085468,6171.572567,203896.495,0,0,0,13045.19234,0,0
George T Stagg,60,3,BB,32956.52656,356716.3187,21967.82272,4271561.869,3746.35969,5845.829218,206798.8367,0,0,323.196891,12976.99577,0,0
George T Stagg,70,1,BB,35704.28534,345373.8079,19141.50321,3822463.392,3169.26952,2011.223886,132838.2236,0,0,0,11590.07761,0,0
George T Stagg,70,2,BB,35414.87561,340964.6581,18550.55738,3748279.847,2841.79275,1960.927982,175405.7407,0,0,0,11630.2736,0,0
George T Stagg,70,3,BB,34193.28678,341247.9571,19016.47577,3765828.298,4473.77112,2328.962603,137349.7169,0,0,0,11945.14039,0,0
George T Stagg,80,1,BB,40106.19622,337656.9724,16087.81449,3339006.692,305.7336062,0,116203.5293,0,0,0,9310.81433,0,0
George T Stagg,80,2,BB,39982.54006,334606.2275,16787.51685,3311388.026,529.9029604,0,111902.0535,0,0,0,10228.74812,0,0
George T Stagg,80,3,BB,42261.93481,349857.0351,17099.78612,3377803.226,573.360167,0,132778.7072,0,0,0,10534.39685,0,0
George T Stagg,90,1,BB,42962.18225,329481.3544,15678.7445,3009720.566,249.2076897,0,117427.9158,0,0,0,9448.964468,0,0
George T Stagg,90,2,BB,44745.71118,331040.2411,15455.88058,2996265.535,172.1797677,0,117242.8096,0,0,0,9798.786821,0,0
George T Stagg,90,3,BB,43916.87864,334172.1796,15661.89485,3088827.135,123.0406848,0,147702.8412,0,0,0,9281.526886,0,0
George T Stagg,100,1,BB,45559.02574,317105.4171,14316.1653,2713149.532,135.0718189,0,117100.6833,0,0,0,9851.588779,0,0
George T Stagg,100,2,BB,47526.21184,329699.8432,14997.3869,2800993.178,166.2587785,0,113914.6488,0,0,0,9222.610172,0,0
George T Stagg,100,3,BB,42533.18458,298283.4854,13420.04628,2573663.464,137.4065691,0,108708.3154,0,0,0,9264.751171,0,0
Teeling,50,1,IW,61223.18494,183848.5301,15067.52628,592722.1485,10058.45968,0,9539.159163,4951.7399,11084.9292,3625.19598,36022.55576,5325.999366,17822.79323
Teeling,50,2,IW,47990.50813,256980.3111,16628.02858,581097.9609,12110.23994,0,9666.747522,5725.396624,14261.90356,4060.752589,34370.10345,5988.331562,18389.27549
Teeling,50,3,IW,34280.17045,275609.8285,16087.86433,594902.3953,12957.34198,0,11593.89615,5760.3246,10859.49234,5197.948023,41562.98065,4498.228335,18812.84471
Teeling,60,1,IW,55238.34129,316364.0181,31772.00495,645951.268,8078.302677,0,10342.34601,3082.350838,8883.217996,2996.960044,26320.44527,4485.796979,10918.81033
Teeling,60,2,IW,43812.02647,347764.4081,40902.22925,709845.2961,8729.545544,0,10594.571,3138.104545,10895.52151,3577.753087,29989.66777,5437.028159,15389.37233
Teeling,60,3,IW,60716.39369,331441.7786,28982.55462,656805.0021,6809.608246,0,10188.1854,2284.724831,6894.297563,2643.141829,23988.30485,3638.167175,11682.11303
Teeling,70,1,IW,55919.80884,398233.5625,66332.88303,738903.6093,5054.576059,0,11739.99755,192.5227501,4165.495052,2110.568126,15870.94388,4546.439829,4514.263332
Teeling,70,2,IW,72060.56168,373514.6633,38716.80863,694973.2921,4338.927798,0,11973.66035,0,1405.022916,1820.466497,14204.4641,3244.601977,3160.028137
Teeling,70,3,IW,52383.36159,404800.6802,59000.45751,760471.9773,4199.237978,0,11007.00929,0,2518.324111,1202.729753,12973.69222,3466.830625,2063.329052
Teeling,80,1,IW,63832.42383,435894.4337,66899.87296,756473.1076,2213.330004,0,9024.165016,0,0,454.6332715,12632.02556,1101.087588,0
Teeling,80,2,IW,66950.61328,449874.7643,68862.58405,758358.3783,1940.51304,0,8734.593993,0,0,0,11679.5465,1081.382438,0
Teeling,80,3,IW,88982.2793,431577.0909,57611.51787,733625.8402,1487.868924,0,9707.288592,0,0,433.938339,11339.90287,903.4472836,997.2794091
Teeling,90,1,IW,64484.20498,425009.8357,63467.8905,661400.8255,359.3052242,0,8875.075151,0,0,0,9077.954247,364.1020689,372.7369592
Teeling,90,2,IW,70706.93924,459761.1824,68245.60786,714663.181,498.579404,0,8863.832387,0,0,0,10875.34936,0,231.466701
Teeling,90,3,IW,75686.9372,472132.3461,66579.14608,719194.4993,555.9923387,0,7021.742117,0,0,0,10575.96113,0,0
Teeling,100,1,IW,104893.8445,532437.163,38352.45738,713106.9712,296.1796614,0,6163.451715,0,0,0,9481.056847,0,0
Teeling,100,2,IW,100876.5573,517662.6755,42793.71138,684123.7288,392.8485099,0,5500.212552,0,0,0,10634.09995,0,0
Teeling,100,3,IW,81032.66938,471526.288,45330.76156,663766.9602,288.3197827,0,6370.237799,0,0,0,9604.777959,0,0
Tullamore Dew,50,1,IW,23038.3701,115035.0752,4500.951399,942941.9208,7944.324324,1522.613242,34817.47294,5827.638501,16887.06383,3585.25208,54305.45482,4824.188002,50979.17477
Tullamore Dew,50,2,IW,37270.98648,61287.11514,4430.062371,734604.4175,6588.606687,1210.292409,29823.76603,2412.580708,9407.01949,1441.264681,14536.04285,3876.206556,2746.568156
Tullamore Dew,50,3,IW,26013.03778,82158.72564,4017.063046,727060.5704,7506.238175,1486.845942,29930.96882,3209.692115,11583.03502,2090.993191,20039.0264,4113.981173,6641.382049
Tullamore Dew,60,1,IW,25156.67942,109211.9576,4345.567965,866911.6864,5986.474009,1260.165001,30034.25362,1776.004896,8324.60346,1632.847069,14378.13052,3967.899553,2299.703152
Tullamore Dew,60,2,IW,27311.16887,95775.75557,4029.171656,755355.4409,5718.107062,878.4637513,32523.62822,1340.288503,7969.991578,1527.587338,14615.91821,3765.166564,1847.647247
Tullamore Dew,60,3,IW,39511.00395,67155.28568,4893.690549,778631.3317,5299.498241,816.9634483,32378.08334,1417.421385,7598.401099,1884.957696,16692.13831,3711.091609,5072.396522
Tullamore Dew,70,1,IW,29601.94725,117318.0805,4575.482898,875930.798,3836.572277,82.98999903,28687.86765,183.4905157,5378.95585,1067.717033,13666.47336,3283.866544,2335.183254
Tullamore Dew,70,2,IW,47693.92368,75313.19274,5373.801147,838563.171,3143.283153,0,32241.24283,0,3830.174188,1118.279035,13731.78751,3157.392733,3427.545428
Tullamore Dew,70,3,IW,29575.50081,123832.4618,4758.805332,914189.2811,3806.122563,0,26853.29081,185.8912349,4538.983195,883.1265867,13146.14119,3098.647639,2229.307693
Tullamore Dew,80,1,IW,41734.75738,121339.9824,5113.654825,835861.2085,1667.289996,0,28733.79509,0,1237.204535,241.8789233,12968.70502,2001.725074,1929.545105
Tullamore Dew,80,2,IW,30924.14445,127100.0752,4893.120809,877626.7989,1256.294967,0,33008.4258,0,412.472884,559.1358148,12657.4603,1669.985831,1860.488516
Tullamore Dew,80,3,IW,37275.64674,120843.3678,4692.525149,829656.5611,1485.314817,0,25333.62185,0,286.0251746,0,11318.00378,1255.151219,0
Tullamore Dew,90,1,IW,67330.33403,97702.79331,6565.891207,904953.99,545.6475719,0,17599.01071,0,0,0,10406.50761,556.9939293,635.8769446
Tullamore Dew,90,2,IW,37866.24799,142374.6493,5221.150902,895334.3535,546.1369278,0,25411.82838,0,0,0,11299.90385,0,0
Tullamore Dew,90,3,IW,38996.88029,140600.4846,5093.032096,875747.4305,605.6471032,0,23070.94023,0,0,0,10984.56972,361.702449,0
Tullamore Dew,100,1,IW,39674.82944,141869.6393,5259.195674,827430.5099,404.4655925,0,19061.06872,0,0,0,10845.32327,0,0
Tullamore Dew,100,2,IW,43941.47314,134589.1674,5305.071824,785156.7531,325.5818043,0,17213.78063,0,0,0,9660.24443,0,0
Tullamore Dew,100,3,IW,60419.0522,145381.6701,5917.453502,825074.1633,341.4497071,0,16472.8367,0,0,0,9070.748041,0,0
Wild Turkey,50,1,BU,16398.54479,419290.6578,4512.570025,3449139.067,27213.73207,118743.773,210253.0995,2265.539773,2777.230666,7406.900856,20168.55964,1537.024463,1791.523598
Wild Turkey,50,2,BU,15701.16551,411021.3572,4478.333632,3447148.317,26540.34296,119260.6942,215821.2237,1689.921191,2062.239782,7526.836327,19841.98328,1440.896319,1481.949082
Wild Turkey,50,3,BU,13678.50772,385778.3906,4507.233959,3284794.255,23458.26648,107387.6341,194722.0303,2071.274304,2174.252463,6581.135673,19077.52871,1253.278839,1316.33749
Wild Turkey,60,1,BU,19348.61629,458803.4423,7203.689134,3453279.6,12421.81126,59495.16108,197063.7004,1074.180878,1500.11686,4592.426416,15933.74395,2356.502738,1637.422866
Wild Turkey,60,2,BU,18966.04741,453784.2266,7348.162115,3490529.399,12274.19464,59338.61916,218888.7034,1067.689999,1023.998098,3917.146756,14735.6149,1579.702029,300.5932271
Wild Turkey,60,3,BU,18106.45628,446960.5502,6502.852963,3460718.686,13619.02304,65996.94613,221284.5329,856.7200949,1104.590476,4665.199279,15039.55795,2538.874946,1545.265261
Wild Turkey,70,1,BU,21965.1568,483634.5528,9730.164057,3323169.196,8343.135326,35295.09739,163687.1684,2453.376995,890.2253676,2109.756192,12181.01419,955.3114194,0
Wild Turkey,70,2,BU,20446.54942,462266.2047,9524.215827,3268243.071,6332.107953,30571.99387,179958.8531,1115.782397,383.2227741,2466.210231,12694.01354,1436.876544,0
Wild Turkey,70,3,BU,20500.19402,477461.3813,10356.99218,3319999.433,8440.922673,39356.95525,161312.2336,2179.79642,799.8713052,2697.713193,13754.3657,1089.196666,0
Wild Turkey,80,1,BU,25587.97345,491862.3956,9226.012611,3057513.67,10603.37015,15371.64417,118320.9055,3009.557671,0,850.2545664,13016.1039,0,0
Wild Turkey,80,2,BU,23985.97723,479542.6583,10328.51741,3104847.445,8192.23488,15068.77493,115276.2191,1894.470355,0,568.4861296,12581.34705,0,0
Wild Turkey,80,3,BU,22585.44453,464250.7427,10311.49493,2978875.274,9619.029931,16308.2152,147547.7836,2894.713548,0,1257.616851,12672.58894,0,0
Wild Turkey,90,1,BU,28284.9998,498067.8866,7341.301773,2873561.557,16143.27607,10172.5146,108286.9622,3131.841584,0,483.5644373,12726.44588,0,0
Wild Turkey,90,2,BU,27947.82583,500258.3352,6764.764366,2912519.33,14978.02809,10244.6568,103642.623,3045.298596,0,310.5992647,12345.51413,0,0
Wild Turkey,90,3,BU,29668.10063,489655.1272,7079.197795,2798001.576,14482.32801,10761.61806,122193.1801,2286.146905,0,765.0501986,13295.14885,0,0
Wild Turkey,100,1,BU,27894.35752,457777.081,4509.579908,2498008.096,4814.842658,8679.20654,197909.2063,0,0,2010.570588,12153.74735,1018.707883,0
Wild Turkey,100,2,BU,31374.59359,495845.4077,4889.413382,2633455.827,4747.694319,6157.734252,84576.6951,0,0,0,11967.19484,0,0
Wild Turkey,100,3,BU,31238.00606,476762.5634,4617.531907,2526850.516,5066.216766,6649.891059,98189.21021,0,0,195.7886105,12437.11919,0,0
Woodford Rye,50,1,RW,36774.98948,697139.8318,6897.952157,4498737.311,10301.42344,34074.05969,114535.9255,1055.031691,1279.969209,6009.744851,19692.23985,2395.226066,2600.565422
Woodford Rye,50,2,RW,44698.69506,665542.4385,7956.873163,4301271.826,11386.395,37316.22103,109920.1198,1343.866729,2753.733792,6797.957251,22415.4882,2194.057218,4336.57807
Woodford Rye,50,3,RW,55620.25252,402598.2834,8660.579272,4190826.467,12642.38957,39961.26942,113205.319,1227.450288,1998.507711,5596.371459,19466.94753,2164.991217,3938.308286
Woodford Rye,60,1,RW,80059.52691,517576.1677,11639.9452,4685630.557,5062.309791,21542.97377,96733.68741,1371.562948,1092.804867,4385.22019,16947.35417,2262.115917,2894.57056
Woodford Rye,60,2,RW,58858.63641,815734.0753,10161.71117,4556938.886,6369.0127,26415.27113,107664.5011,1724.255165,1572.672847,4373.963167,15640.27915,1908.017551,1270.43068
Woodford Rye,60,3,RW,42924.60838,794037.4764,9651.443589,4585010.832,7753.192631,30721.96808,125045.9681,2400.013668,1513.444345,5914.974219,17528.80715,2956.912067,2850.967992
Woodford Rye,70,1,RW,56364.59936,946298.9328,12376.55196,4861666.609,0,12728.02123,102016.5669,2616.576014,713.9486219,3163.40201,14899.83876,1787.251676,1195.476224
Woodford Rye,70,2,RW,83804.5233,552582.1988,12552.11768,4713697.049,0,11764.12556,101198.2159,2438.176414,676.363113,2599.568847,12499.23966,1915.104737,1017.24118
Woodford Rye,70,3,RW,71533.03683,987950.2377,12739.92705,4834698.521,0,15821.54009,82013.94102,2334.121304,897.7509157,2490.17247,12806.13529,1557.273547,588.9368167
Woodford Rye,80,1,RW,82357.09221,930134.3284,12443.66661,4613624.656,4962.372463,7968.995864,63487.88715,5413.765196,0,1481.233855,12226.06079,1124.551847,0
Woodford Rye,80,2,RW,67551.90647,914362.1515,12657.09631,4474347.879,4539.794795,7954.95656,85902.48537,4744.591112,381.1896735,2360.289955,13821.76668,1258.597678,0
Woodford Rye,80,3,RW,59600.43563,962581.3355,11754.40097,4703016.481,4439.878968,7337.154221,56189.93267,4959.709193,0,953.9721198,12433.17481,565.8801955,0
Woodford Rye,90,1,RW,76361.47545,1034420.783,13192.36563,4612024.451,3860.384716,4953.661102,68444.06125,1288.148397,0,735.9915931,12414.51453,370.398312,0
Woodford Rye,90,2,RW,76109.5355,1071899.891,13811.39614,4798183.55,3575.983086,4592.56974,52509.74208,1156.488245,0,0,11692.76361,0,0
Woodford Rye,90,3,RW,81729.50676,1007709.609,12843.51104,4429179.849,4606.701304,4941.971596,93424.29947,1865.544344,0,1405.871598,12402.14029,1444.787314,1293.496787
Woodford Rye,100,1,RW,95749.63462,1157697.879,13459.37935,4664555.156,1610.578181,3344.682293,65072.87505,0,0,0,9802.232274,485.396345,0
Woodford Rye,100,2,RW,97477.10954,1092008.99,13743.07885,4551521.057,1414.807641,2857.519479,32798.59916,0,0,0,11245.07023,340.4919666,0
Woodford Rye,100,3,RW,111087.2666,1156217.212,13819.27185,4583977.175,1206.419801,3030.852267,33449.49489,0,0,0,11058.08297,0,0
