Whiskey,Percent.whiskey,Rep,Style,2-Methoxy-N-methylethylamine,Pentane,Octane,"Propanoic acid, 2,2-dimethyl-, octyl ester","Undecane, 2,6-dimethyl-",Toluene,"1,1,6,6-Tetramethylspiro[4.4]nonane",Pentadecane,"1-Decanol, 2-hexyl-",Benzo[c]thiophene,"Cyclopentane, 1-ethenyl-3-ethyl-2-methyl-"
Peat Monster,50,1,BS,113914.8553,11617.81468,964.6421227,1900.59902,2354.901224,290259.8283,2957.219335,5421.789676,9778.20646,183419.3204,3626.171363
Peat Monster,50,2,BS,85656.34129,7936.597551,636.3499856,1340.943581,1146.71391,197971.2771,1817.408813,3651.473655,7245.756655,121922.2099,2106.059094
Peat Monster,50,3,BS,81881.61268,6171.985536,164.8689346,400.4932276,613.3991129,143028.2751,1152.889151,5853.957875,6200.876552,64261.9689,2614.450569
Peat Monster,60,1,BS,119950.4845,11579.93735,949.6861726,2686.6734,3457.402282,279191.9514,3197.291182,4743.214316,6588.290373,151020.3049,3251.604553
Peat Monster,60,2,BS,90762.16776,9811.784457,1013.496068,1582.740855,1660.044554,199623.3457,1592.334669,3965.717194,3928.093358,76749.5113,2464.357951
Peat Monster,60,3,BS,82395.24888,7553.898667,369.918983,1404.84437,1249.772048,174021.6441,828.5165447,3351.183412,6543.535076,84028.16255,3062.626224
Peat Monster,70,1,BS,129024.2377,10882.68212,832.4070612,3323.294891,5883.292216,237276.7659,3916.326378,5695.816491,4045.22148,116517.9518,2613.361687
Peat Monster,70,2,BS,89138.26671,7051.895606,587.8634947,1639.443415,1099.827041,148192.3749,1771.814685,3834.143618,2622.189522,65506.83405,1696.014763
Peat Monster,70,3,BS,78168.28053,7098.900266,404.8270129,1973.2499,1578.344574,113214.6053,1121.932521,3016.874541,3785.109015,65667.17061,2205.275111
Peat Monster,80,1,BS,123115.8757,12279.3374,1128.651061,4851.500384,6345.837865,245088.3045,4822.108678,4522.637331,3044.852787,93481.18838,1984.526949
Peat Monster,80,2,BS,91865.7318,7967.598304,776.8982018,2129.600159,2552.022612,156152.8285,3058.594745,3352.286208,1314.988418,56960.3708,1416.178218
Peat Monster,80,3,BS,93195.2989,6836.636618,444.2398061,827.6178216,1687.555305,118933.7099,475.3815115,3204.321305,1315.484693,21260.7554,1306.329773
Peat Monster,90,1,BS,138566.9749,11628.72889,1164.781507,5462.242534,7311.952842,236852.0666,7868.24389,14627.2818,5020.41805,65422.57271,1307.120099
Peat Monster,90,2,BS,96102.86921,8435.973905,912.624042,3236.51783,4046.262618,165296.2537,4818.767291,10405.55097,3961.754791,51336.64779,912.4873802
Peat Monster,90,3,BS,79433.44623,7160.47788,531.0800635,3352.30141,2302.721019,132027.9025,3127.521345,9825.05758,4153.922722,34475.40007,673.4290547
Peat Monster,100,1,BS,119680.8891,12319.15999,1049.414949,4819.195215,6722.848762,210425.7305,3662.039086,10812.80558,3754.086032,51080.46748,705.200489
Peat Monster,100,2,BS,97619.38337,9816.765024,963.9338391,4624.078103,4295.128073,151876.8696,2826.269906,11373.3978,5502.155987,42362.1439,858.785748
Peat Monster,100,3,BS,81124.19605,7321.969838,1139.069953,7090.579056,6594.800002,126934.6718,1570.472362,6724.993512,2419.119058,24282.20824,430.7289672
Aberlour 12,50,1,SM,69591.27964,4158.813189,108.6793103,0,73.5567449,3881.990433,0,1192.906871,2366.331682,0,1318.51278
Aberlour 12,50,2,SM,78259.25687,4185.638067,0,167.8339684,83.29322667,4476.605151,0,914.4524524,4792.883732,0,1715.667153
Aberlour 12,50,3,SM,68647.06758,3865.344719,0,0,0,3992.646059,0,1703.667401,3004.064799,0,1617.273259
Aberlour 12,60,1,SM,88590.27802,4554.744,0,382.4967097,120.1497554,4820.913651,0,816.9221311,3712.055746,0,1452.588127
Aberlour 12,60,2,SM,75687.27724,4314.331889,0,0,136.9903374,4401.969179,0,964.4731519,2074.54577,0,1463.804514
Aberlour 12,60,3,SM,74323.22043,4090.817559,92.44528996,0,104.8567082,4509.430388,0,1169.11085,2430.52748,0,1370.555534
Aberlour 12,70,1,SM,83091.50464,4250.080454,203.1031236,310.7069773,246.695271,5686.752564,0,935.8175805,2371.706215,0,2009.297882
Aberlour 12,70,2,SM,89514.1774,4239.201879,158.1914436,362.6189859,286.2430097,5518.93991,0,1235.011839,1161.069184,0,1428.110602
Aberlour 12,70,3,SM,83597.19153,4165.362839,172.8351952,0,322.4807999,5394.123884,0,1091.113031,1088.778949,0,1437.130872
Aberlour 12,80,1,SM,102140.0222,4240.268576,124.1979587,552.5727089,245.1554655,5066.521384,156.1401091,1076.15049,990.3753387,0,1717.761155
Aberlour 12,80,2,SM,86963.51299,4335.402952,113.5429097,0,205.2386729,4470.288414,0,961.2111281,0,0,1069.679719
Aberlour 12,80,3,SM,86219.46056,4594.956833,261.8758413,348.5750585,462.7798673,4640.365773,218.8667241,1549.487666,654.4921635,0,1429.592476
Aberlour 12,90,1,SM,81721.42995,4368.884804,159.4509966,220.272613,457.7934916,4467.227783,0,1101.01217,0,0,538.5207575
Aberlour 12,90,2,SM,82142.76828,4151.73895,96.74214717,266.1520576,272.3056064,4183.01238,0,1279.688714,631.1863269,0,362.5599291
Aberlour 12,90,3,SM,94771.57205,4325.54633,197.903655,524.4015548,526.9150624,4585.09867,0,2106.34487,924.1222565,0,452.5791701
Aberlour 12,100,1,SM,94326.64105,4025.619973,235.3441422,609.1319594,496.3957063,4004.886727,0,744.1600911,0,0,300.4160865
Aberlour 12,100,2,SM,108758.4892,4043.326591,245.4941065,676.6326225,624.4274781,4594.211949,71.15574483,1771.740507,1221.311413,0,0
Aberlour 12,100,3,SM,84031.0615,3803.871921,203.3300134,0,444.0161334,3969.703431,159.3349882,494.6029926,0,0,0
Basil Hayden's,50,1,BU,81933.71888,237459.855,2502.048895,18366.28556,9239.088934,9134.734942,0,911.5374541,2357.970667,0,9469.019292
Basil Hayden's,50,2,BU,84036.9919,289924.8304,2867.304968,20974.51197,9942.35131,8758.350106,0,775.4299831,1698.989064,47.57915276,8660.43043
Basil Hayden's,50,3,BU,82046.68665,244627.7357,2966.558252,21206.35599,10101.53742,10674.86492,427.0926308,1745.723972,3641.287826,0,10558.80343
Basil Hayden's,60,1,BU,70361.17495,87972.95289,1839.431073,14807.81522,6791.020783,6680.66853,408.4445594,1127.03352,2513.962094,40.42910164,11307.26873
Basil Hayden's,60,2,BU,78943.47471,185385.6558,1860.371533,15110.20657,6990.736701,6408.832413,0,601.2553213,2143.247229,0,8242.402305
Basil Hayden's,60,3,BU,74254.46057,92855.95488,1882.279244,15153.52097,7095.836966,6270.690368,236.4733458,883.7179706,2385.198034,37.35314475,8904.75999
Basil Hayden's,70,1,BU,71529.46329,212856.751,3462.080372,25449.64972,11724.95744,8956.728017,802.9165376,1196.599369,1733.686875,0,3948.891356
Basil Hayden's,70,2,BU,132528.8427,263182.1826,3879.844142,18402.41623,8459.325772,11032.48385,0,2437.635518,2255.982953,83.75485428,5145.251906
Basil Hayden's,70,3,BU,66259.16815,185498.1589,3869.14551,26337.31659,12917.19809,8913.888027,608.3273612,893.0715471,1700.008242,0,8212.691058
Basil Hayden's,80,1,BU,100551.2326,422352.3175,5150.248655,29907.57386,11890.69796,8485.24129,910.5128725,1494.09077,2000.886385,24.77609157,4045.22793
Basil Hayden's,80,2,BU,99017.43265,528722.51,4955.697525,31026.33611,18075.01434,7515.353649,0,2245.290611,1501.535389,0,3641.087849
Basil Hayden's,80,3,BU,80456.82502,262999.7035,4757.599854,32850.47256,16904.00734,8306.699337,1231.547591,1631.308453,1587.104868,31.63728141,3743.340963
Basil Hayden's,90,1,BU,75509.05598,301249.0167,5513.124098,34482.60669,18212.15361,7702.734931,1207.216289,1710.052628,2092.899792,11.86251164,936.9420932
Basil Hayden's,90,2,BU,101298.2128,563409.7657,4795.79435,32514.1001,19185.64101,7615.896167,35.40269908,2535.535792,3414.771118,0,1064.813827
Basil Hayden's,90,3,BU,110878.609,475658.8315,4460.192966,28871.32362,18530.6392,7474.945985,0,2291.26956,2663.779295,25.38508269,1848.682482
Basil Hayden's,100,1,BU,73118.60217,307909.2983,5131.856823,30580.32572,16211.57823,7177.416247,1362.588588,1864.901473,2171.685567,29.02184766,223.5923748
Basil Hayden's,100,2,BU,81098.78322,309585.5561,5629.475411,30330.97622,11788.61172,7206.758045,1188.269615,895.5979896,0,19.31933443,156.2179511
Basil Hayden's,100,3,BU,80735.52634,3607.833523,4068.489773,5152.563064,0,3002.184849,827.0326491,2356.331851,0,2.285980686,0
Black Bottle,50,1,BS,58424.27061,3396.269972,0,0,0,2457.486443,0,592.678333,3075.116177,0,2776.144464
Black Bottle,50,2,BS,58053.24238,3437.756099,0,0,630.7423832,2341.427048,0,1141.577856,2508.136832,0,2171.638958
Black Bottle,50,3,BS,63295.70339,3526.434208,0,0,870.7044657,2641.50691,0,2295.548476,2952.025959,0,1739.898067
Black Bottle,60,1,BS,58454.09086,3581.464806,0,0,0,1708.502761,0,537.4847564,1663.394112,0,3291.67623
Black Bottle,60,2,BS,59737.64813,3508.791789,0,0,833.3291294,1853.883221,0,888.1341314,1507.786875,0,2076.821104
Black Bottle,60,3,BS,61048.27713,3564.989468,0,0,900.8797068,1809.876122,0,1602.703428,1500.756309,0,2296.800639
Black Bottle,70,1,BS,62947.75853,3268.968276,0,0,149.5642215,3359.309287,0,896.2496588,0,0,1106.272357
Black Bottle,70,2,BS,64735.28644,3206.134416,0,529.7057869,1495.635215,3367.796001,0,655.3103309,0,0,1471.57305
Black Bottle,70,3,BS,63248.26786,3612.78391,0,0,903.627178,3303.58981,0,2266.311993,1225.511809,0,1576.680762
Black Bottle,80,1,BS,67724.00643,3535.309486,0,275.8341707,501.2321775,3887.815247,0,1656.349155,812.4914939,0,360.0712292
Black Bottle,80,2,BS,76231.64374,3562.848659,0,721.3517073,1596.736601,4603.356455,662.0382641,5097.957068,5005.316939,0,293.6317853
Black Bottle,80,3,BS,67270.12772,3461.432002,0,297.0644702,1135.033557,3881.521844,0,2852.327713,1353.778009,0,243.5441966
Black Bottle,90,1,BS,75391.62265,3867.140898,125.2902509,0,438.0343164,3478.132337,0,2694.146567,3008.266077,0,296.2546921
Black Bottle,90,2,BS,66719.85977,3444.917522,0,609.3073344,1187.87075,3384.975873,0,1086.90493,0,0,110.8099436
Black Bottle,90,3,BS,79797.6005,3651.324666,0,264.8968938,927.0208228,3168.281954,0,3268.65586,2171.960611,0,219.2296339
Black Bottle,100,1,BS,68653.99627,3777.866415,0,310.2225969,427.6207622,2793.169529,0,932.6651746,0,0,136.8786648
Black Bottle,100,2,BS,64401.41295,3323.201111,25.79872495,445.0591419,963.9517512,2732.333477,0,1751.159028,0,0,252.9740701
Black Bottle,100,3,BS,65709.86465,3310.004801,0,0,591.830605,2055.320922,368.5352817,1041.027636,0,0,0
Bulleit,50,1,RW,33176.3517,2061.375272,281.2562527,0,0,7715.705021,29674.34591,13209.96878,4426.715994,113.3310535,10807.90588
Bulleit,50,2,RW,32648.1579,2188.220165,470.3267149,0,0,8069.077711,30587.82808,12113.33928,3213.653564,113.822254,9218.931144
Bulleit,50,3,RW,32937.73784,2113.967376,379.1167301,0,0,8230.030278,28299.52677,10087.92902,3120.000526,78.4670101,7708.361223
Bulleit,60,1,RW,33439.84792,2188.142445,138.577477,0,0,6875.19151,41740.54259,25482.62924,13179.12156,142.6688533,10210.3948
Bulleit,60,2,RW,36481.35522,2104.714731,727.4366918,0,0,7315.553125,42843.35868,21018.98084,7719.014208,143.8185769,9263.178338
Bulleit,60,3,RW,34598.66791,2146.979226,612.4517741,0,0,7824.048721,46601.3794,20909.31286,8819.089378,150.2861984,9348.642933
Bulleit,70,1,RW,34153.36321,2149.423351,587.3974496,0,0,6400.316601,62169.79099,43692.37074,18132.79213,114.0169958,7406.885238
Bulleit,70,2,RW,35670.93403,2158.497056,582.5081023,0,0,6128.866008,61414.22766,43830.63508,18663.34872,112.857027,7599.996939
Bulleit,70,3,RW,34691.86232,2155.711056,477.9866079,0,0,6608.405295,65080.87212,44523.77984,18550.98476,113.8338587,9870.536794
Bulleit,80,1,RW,34092.14103,2245.205494,850.1271878,0,0,5962.428532,72649.36478,155555.9986,75585.27453,254.5357667,3129.720279
Bulleit,80,2,RW,34733.73931,2194.571563,1052.181359,0,0,5869.418925,75404.67352,160477.0105,76187.61706,125.8920709,3582.255906
Bulleit,80,3,RW,34112.23348,2076.243988,757.9460989,0,0,5783.405332,61903.52247,136912.0253,65730.58426,99.50109884,3457.387321
Bulleit,90,1,RW,34241.42662,2087.20972,272.5007119,0,0,3233.368202,38516.14853,168538.813,118076.7717,74.55579427,901.9376338
Bulleit,90,2,RW,35951.65962,2194.158826,266.3110412,0,0,3441.369358,38778.53117,199134.0294,140772.91,77.38275547,1068.96985
Bulleit,90,3,RW,34976.75203,2265.818525,122.5407098,0,0,3398.902231,34649.79611,152813.0523,106382.2529,96.859387,716.6812272
Bulleit,100,1,RW,33977.81017,2332.889448,191.4035726,0,0,3008.673362,24596.52468,100209.8809,60177.15712,53.66916461,415.895001
Bulleit,100,2,RW,38290.43145,2164.550576,215.2219151,0,0,3086.521122,25328.62302,109849.7416,63124.21863,53.66674358,1093.202158
Bulleit,100,3,RW,35370.2347,2220.077145,147.2797899,0,0,3114.838835,25151.35896,104652.6478,61922.29783,54.26543103,542.8959177
Bunnahabhain,50,1,SM,28694.55044,2118.373768,113.7136299,0,582.4077388,8615.958676,0,996.5851316,6630.856054,26.915214,641.6106731
Bunnahabhain,50,2,SM,28394.00598,2115.064228,90.67597099,0,647.2688696,8313.772733,0,747.727899,5331.629016,21.25065456,633.7232516
Bunnahabhain,50,3,SM,30896.39889,2146.480063,470.9055927,2339.96904,3783.655728,9636.383574,0,1056.26427,7129.455363,24.38787052,912.1893585
Bunnahabhain,60,1,SM,28491.82328,2089.403512,62.09899138,0,586.8453686,6590.198979,0,315.8462346,3960.833211,16.46788756,788.01857
Bunnahabhain,60,2,SM,28720.58247,2159.557489,66.47316332,0,531.8106592,6727.022807,0,589.8328287,4532.526481,26.14119384,609.1687825
Bunnahabhain,60,3,SM,28666.35596,2068.731452,1103.131457,2578.168897,4308.710868,6605.441346,0,336.1056125,4255.360812,31.86953708,688.5501848
Bunnahabhain,70,1,SM,29673.93515,2067.964456,246.7807771,1298.426827,1474.678792,5475.904943,0,222.993772,1967.754092,20.94940353,596.078297
Bunnahabhain,70,2,SM,29187.28377,2216.990003,555.6866915,2888.191737,3429.397708,6839.839519,0,0,1880.452277,19.64934504,613.4401191
Bunnahabhain,70,3,SM,29465.72331,2169.056922,501.6275324,2003.554164,2120.008881,6713.116627,0,480.2943569,2304.033073,16.99412265,524.2139511
Bunnahabhain,80,1,SM,30147.95879,2146.538744,274.3788288,844.7691256,1642.401355,6917.350991,0,508.0969851,561.7562659,21.13987438,304.4033013
Bunnahabhain,80,2,SM,30229.33934,2136.375509,218.1123079,272.7769123,1038.766109,7250.401989,0,211.7057911,457.3000736,22.03667361,458.6673212
Bunnahabhain,80,3,SM,30346.07279,2133.957436,388.7733742,711.9805337,1257.468306,6894.918485,0,547.7064912,960.5619339,20.90491591,314.0037115
Bunnahabhain,90,1,SM,30307.96236,2097.688196,355.8982146,1417.420427,1629.282018,5334.527285,4.335905352,3064.31195,0,0,282.5442127
Bunnahabhain,90,2,SM,28940.74079,2129.5776,485.7814344,1506.002109,2255.684509,5973.456664,49.06189069,3258.622755,0,8.004157965,458.5942599
Bunnahabhain,90,3,SM,30871.25306,2236.251459,332.1743339,736.7477979,1130.055144,6222.544742,0,3045.899956,0,0,690.6212173
Bunnahabhain,100,1,SM,30011.29959,2099.723863,455.8310651,1933.072746,1893.108512,5058.678702,0,4868.765518,1299.88534,0,112.7501987
Bunnahabhain,100,2,SM,29581.3591,2048.960822,282.7015545,1439.811902,1515.19427,5249.731526,0,6654.80042,2378.721328,0,361.0466981
Bunnahabhain,100,3,SM,30048.91127,2179.284552,641.8242349,1599.304272,1925.27895,6056.31209,0,5404.547335,1902.051353,0,748.0386326
Bushmills,50,1,IW,34850.29851,2194.331913,0,0,589.130509,1405.899122,0,4294.146006,8823.399646,18.74871353,4155.83361
Bushmills,50,2,IW,36319.06702,2308.056376,191.6925792,2305.996353,3807.550461,1269.133419,0,3472.733844,6752.730373,12.88382459,3675.40465
Bushmills,50,3,IW,31723.11265,2196.931636,131.4052811,1513.394711,2910.311128,1261.834608,0,5081.355887,8972.115957,20.52550611,5884.198205
Bushmills,60,1,IW,34881.14261,2152.122205,0,435.4046585,1100.328275,1333.354951,0,3333.572687,5445.427792,9.856031214,5606.517672
Bushmills,60,2,IW,35699.12461,2173.957749,139.502344,958.5512473,2408.06875,1144.148176,0,2238.778565,3975.687335,0,2912.472738
Bushmills,60,3,IW,34491.84771,2216.758867,150.0913929,1938.777359,3321.115632,1431.290719,0,3478.251177,6452.374479,14.23179486,5680.440468
Bushmills,70,1,IW,32763.81477,2158.836513,83.93663271,1247.751412,2401.852302,1320.569708,0,3587.54067,3508.414073,3.544092944,4683.718566
Bushmills,70,2,IW,34547.02481,2089.979997,63.67792629,879.0665163,1935.586212,1307.156107,0,4325.929785,3243.357695,2.45941194,3479.847925
Bushmills,70,3,IW,37366.49034,2121.193412,192.6905039,1741.033201,3219.614958,1274.491276,0,3015.598233,2727.198308,6.696557194,3211.727904
Bushmills,80,1,IW,45261.62463,2167.916144,0,649.2633822,1168.74409,897.6202686,0,3062.930766,2807.653171,0,960.1056875
Bushmills,80,2,IW,41571.5119,2165.95868,0,857.5893017,1443.962439,1148.225203,0,3507.456611,2519.995822,0,2183.928634
Bushmills,80,3,IW,37670.62879,2143.835689,109.1013991,1445.436019,2563.760948,1058.141572,0,3979.770639,2012.568069,0,1909.161414
Bushmills,90,1,IW,34336.34891,2173.018678,0,670.0275799,1341.108817,699.3523975,0,3013.623389,1882.195868,0,395.0711189
Bushmills,90,2,IW,36323.33593,2234.170639,0,506.2646117,164.1747183,842.6666983,0,2891.638735,1900.208493,0,445.968022
Bushmills,90,3,IW,32598.65564,2159.672778,0,304.8737878,366.0410521,753.2894652,0,1587.555967,990.7659794,0,336.6143743
Bushmills,100,1,IW,34406.08765,2192.205438,0,351.103937,0,905.3558141,0,1110.155044,0,0,422.1749123
Bushmills,100,2,IW,35885.21008,2281.17755,0,716.0334801,523.4487997,1022.111144,0,2494.739851,568.8056657,0,422.3249269
Bushmills,100,3,IW,32646.33435,2218.215406,0,499.1892688,399.6356638,1015.823897,0,1403.925814,0,0,407.5195455
Dewars,50,1,BS,30036.76242,2113.463459,749.7431757,3791.480985,6047.105636,1808.195623,454.0758512,198.9000685,2526.545711,23.32147134,1316.145999
Dewars,50,2,BS,30242.51676,2088.510996,762.239741,4966.082898,8062.660541,2067.125663,515.4977067,520.9369062,2265.700248,17.85537839,1523.479181
Dewars,50,3,BS,30494.96314,2217.506258,1490.147352,6766.194469,10182.1074,2346.496717,590.2680721,489.2668305,2709.211392,18.69158461,1800.125537
Dewars,60,1,BS,30334.70579,2153.585542,412.1532515,1613.616879,3113.077484,2547.821221,736.5560877,213.6208475,1645.719283,21.86208021,1689.58489
Dewars,60,2,BS,29213.52567,2110.29037,1226.342298,3673.133015,5807.62954,1519.082162,238.2409854,259.5710945,1468.133149,20.33873575,1349.205301
Dewars,60,3,BS,29684.5709,2023.969372,1407.776362,4804.964683,7426.422105,1873.773393,287.0457272,236.930883,1410.581543,23.08319236,1485.452546
Dewars,70,1,BS,29440.84509,2057.400473,285.051616,1087.471804,2762.553807,1862.071619,670.346843,0,0,14.80449532,1668.397062
Dewars,70,2,BS,30307.55982,2119.775821,715.0206933,1861.453935,3698.126921,2111.167034,639.6545291,0,504.4900395,26.84592613,1707.170629
Dewars,70,3,BS,31411.00045,2264.288595,715.4781812,2294.690711,3998.795384,2426.006611,766.0156767,0,0,0,4695.767506
Dewars,80,1,BS,31111.47022,2137.89294,156.0271755,1210.492643,2891.376341,1758.184539,467.3155824,308.5807464,0,16.51514483,910.7147171
Dewars,80,2,BS,30499.50148,2110.620201,873.9430716,2137.799569,3989.745172,1943.326386,623.6163893,268.9687154,0,11.33088501,953.4304692
Dewars,80,3,BS,30230.01938,2081.90752,534.6593368,1726.314054,3653.550622,1802.810064,509.193723,647.95541,397.8446762,19.17099529,877.2811839
Dewars,90,1,BS,28692.61942,2052.294584,328.3127403,1791.331182,3634.051488,1484.995113,230.3827424,1978.78732,1474.610763,0,151.9829828
Dewars,90,2,BS,30329.47512,2073.791903,1580.434094,3741.35155,5736.726917,1698.636125,571.7346935,2832.44673,2266.798281,0,367.0850098
Dewars,90,3,BS,30954.50387,2171.775209,758.494021,3016.955188,5116.59757,1675.226506,620.4002338,2952.338493,2166.341431,0,432.9583554
Dewars,100,1,BS,30409.81815,2211.124665,29.50039848,0,642.3604131,1231.390824,63.98303531,837.0335031,0,0,50.89174878
Dewars,100,2,BS,31423.8145,2241.142932,292.4038357,680.6513806,1994.479909,1525.277218,235.0004706,1354.397353,562.0218083,0,404.4009215
Dewars,100,3,BS,32637.29661,2123.065515,246.5001375,1209.544488,2592.016842,1309.028489,0,696.8546472,0,0,207.4881088
Old Forester,50,1,BU,96888.00334,3372.603168,5847.758088,7478.314699,0,7270.092768,1674.612677,2777.507235,5190.946777,0,6921.517268
Old Forester,50,2,BU,92398.27098,3937.263503,5862.806513,7255.004383,0,6486.565402,221.8811527,2529.208605,4414.756835,35.75628275,8624.896464
Old Forester,50,3,BU,77513.00158,3640.11252,5666.427366,7368.647315,0,6957.263156,1295.122166,3808.971819,5106.65776,0,9118.458969
Old Forester,60,1,BU,76815.66968,3752.361077,7336.913567,9564.260695,0,6266.100202,1658.153887,5072.0683,3440.514913,0,3960.637862
Old Forester,60,2,BU,91454.35285,3845.172828,6360.672172,7816.357856,0,6883.439434,753.1929658,4605.866373,3165.194495,0,3308.80923
Old Forester,60,3,BU,83196.31117,3768.970273,5528.737104,7151.51212,0,6024.521292,0,4601.766438,1876.823231,0,2504.131769
Old Forester,70,1,BU,99663.6262,3472.435392,6970.71067,8957.181835,0,6024.197866,303.2805163,7711.251771,1813.940265,0,1014.545832
Old Forester,70,2,BU,103489.0764,3628.58051,8128.760083,10405.02167,0,6386.155844,2069.350237,9524.038965,2832.210682,0,1475.746781
Old Forester,70,3,BU,102868.1964,3582.618606,7032.937232,8596.469153,0,5408.524785,0,7333.625607,1070.334191,31.8525748,621.6875614
Old Forester,80,1,BU,107564.5629,3782.060439,10436.73043,12940.15971,0,5703.30392,1556.261257,11324.49873,1513.363092,0,0
Old Forester,80,2,BU,118407.1634,3210.555109,9103.844874,11701.79074,0,5978.584858,886.726367,7057.697918,0,15.80347329,62.64665683
Old Forester,80,3,BU,105201.244,3545.414305,8161.900447,10209.77492,0,5443.51794,1053.20178,5528.759399,0,17.38006939,0
Old Forester,90,1,BU,74841.2349,3908.080159,3545.038092,4316.962294,0,3143.520956,480.1155089,5552.417454,0,17.61244915,133.8521486
Old Forester,90,2,BU,90869.61761,3308.401763,3532.627225,4508.563107,0,3493.075963,893.9439661,4071.812036,0,13.00918574,0
Old Forester,90,3,BU,83017.96027,3957.705734,3266.85162,3899.927531,517.4582906,3200.805233,0,4497.947583,0,14.06572094,105.8777303
Old Forester,100,1,BU,100414.5448,3690.306259,4095.332042,4855.055294,0,2957.075388,678.1782187,2011.201798,0,0,0
Old Forester,100,2,BU,72625.93406,3634.781585,4401.606782,5153.301705,429.7790037,2927.623914,838.2997264,2649.457068,0,4.057346039,0
Old Forester,100,3,BU,81421.02844,326244.8418,5031.274921,30534.45446,16457.49821,6816.427835,1307.325303,1966.368401,1646.475137,19.78014014,0
Glansa,50,1,BS,89531.90239,4405.057837,0,208.3799277,88.0339714,4921.620125,0,1501.310523,5914.639358,963.4081769,1483.32694
Glansa,50,2,BS,75788.92512,4025.630991,0,0,87.36685661,4018.137005,0,1142.718666,3765.750046,501.1783825,1401.514707
Glansa,50,3,BS,71363.38455,3921.99662,0,0,95.08670634,3792.974691,0,1322.081032,3293.670155,210.7780414,1454.587699
Glansa,60,1,BS,80625.21751,4130.968331,92.46893131,231.3258338,0,4064.139026,0,1870.443081,3581.685008,575.8037816,1977.83668
Glansa,60,2,BS,90307.15715,4369.409689,142.057478,251.1297413,98.08701656,4311.423033,0,1942.931428,3304.312168,537.3629783,1346.666054
Glansa,60,3,BS,79386.42758,4090.642631,0,0,157.4737137,4487.343271,0,2019.247193,4546.022971,555.1747831,2600.540858
Glansa,70,1,BS,96749.05115,4219.662051,114.6909842,0,260.2684637,3713.643618,0,1390.564158,1441.540866,172.0115202,1447.81287
Glansa,70,2,BS,77771.40031,4112.345976,0,0,0,3253.460371,0,897.8280951,1384.583046,9.446911978,2217.376709
Glansa,70,3,BS,74353.22326,4504.078375,131.0348795,0,139.8066733,3242.766969,0,786.6380404,937.338085,17.4493452,2207.925776
Glansa,80,1,BS,81900.33994,4076.563176,0,173.4061983,0,3087.433177,583.652439,1852.068023,827.2383334,0,1659.776485
Glansa,80,2,BS,77130.00936,3972.930489,0,0,222.4303567,3007.235311,0,1390.557024,0,6.083317504,1818.50707
Glansa,80,3,BS,83313.48508,4233.608081,0,0,242.1884154,3183.163367,188.1723686,1700.762159,623.0293466,8.642635261,1658.861859
Glansa,90,1,BS,73602.70907,4222.648464,88.3108977,0,200.8013007,2268.737644,0,1283.401732,844.7918137,0,455.8687256
Glansa,90,2,BS,83145.93437,4330.970503,0,254.2894099,227.162113,2736.709744,747.3169546,2350.159311,1899.119373,0,334.1483717
Glansa,90,3,BS,106824.5876,4250.295907,0,814.0636391,528.2334642,3007.851941,1010.000509,4602.577505,4161.451646,0,641.619293
Glansa,100,1,BS,83064.04761,4133.043502,0,461.5075519,125.9476503,2135.582802,674.5644548,330.4998102,0,0,254.7260387
Glansa,100,2,BS,111755.1412,4159.52756,145.9025036,683.738797,601.2402856,2867.744246,256.5161561,1768.117591,998.0884369,0,503.8388454
Glansa,100,3,BS,85803.06759,4269.277024,77.4530114,496.9600302,454.9317394,2388.489682,807.7836327,735.4916054,0,0,185.2393429
Glencadam,50,1,SM,103543.7021,4026.756402,0,1369.76617,1574.013682,5693.949388,1106.022739,2258.151653,8120.938809,33.61787417,2141.966278
Glencadam,50,2,SM,91474.43765,4200.445803,0,777.7142041,1116.928589,5482.081131,1324.061913,2382.67142,8679.608501,60.60363612,2540.168748
Glencadam,50,3,SM,83617.29055,4077.80102,307.622435,1649.022571,2038.227071,5756.2195,986.4993018,2418.599967,9347.669391,39.07941048,2688.325059
Glencadam,60,1,SM,79580.68309,4252.573082,695.8787857,4208.676144,3147.42219,5559.790916,688.741772,2190.908737,6802.291929,35.88018981,2512.778523
Glencadam,60,2,SM,84451.84335,4166.252416,403.720956,2588.971536,1609.034173,5417.221908,509.0973855,2169.905385,6593.486762,41.41256495,2064.018585
Glencadam,60,3,SM,85046.02023,4032.245033,472.5646448,2017.180883,1794.198298,5340.328493,558.0100982,1854.715326,6237.800863,34.45367384,2259.640437
Glencadam,70,1,SM,84990.42413,3860.391049,497.3224226,2215.369207,1898.64814,4689.407276,1059.281042,1563.861314,3501.841699,21.63864718,2296.377755
Glencadam,70,2,SM,85562.40269,3934.73757,499.1887064,1948.008256,1672.231298,4879.434798,1014.373714,1556.277934,3397.318679,25.74839836,2119.854971
Glencadam,70,3,SM,86498.9333,3964.09576,564.337081,1939.830926,1716.141049,4723.070729,912.0269814,1765.046382,3692.726306,22.44970777,2025.86474
Glencadam,80,1,SM,86476.64426,4195.394372,743.939644,2933.505057,2263.846894,4446.389782,3216.216353,2108.479596,1705.548682,0,1983.735088
Glencadam,80,2,SM,90583.74581,3970.831335,730.3192557,3454.883178,2667.393193,4386.35259,3046.79616,2082.981228,1516.770209,0,1860.802968
Glencadam,80,3,SM,94218.80927,3382.575456,536.1409511,2749.3002,1891.022503,4433.005278,2945.700359,2025.101966,1684.512238,0,2046.953246
Glencadam,90,1,SM,87326.58392,3898.220623,491.4361302,2831.843767,1552.613895,3724.607277,4988.955987,6392.348032,1249.568089,0,1029.82463
Glencadam,90,2,SM,89053.02154,3984.582871,319.0437833,1805.601992,1562.322449,3770.802789,4702.499273,6429.966601,1301.376211,0,986.0649031
Glencadam,90,3,SM,105789.3654,4227.378274,580.7076197,2160.972166,1955.505947,3865.2682,5052.80822,6519.063179,1468.497434,0,1146.857248
Glencadam,100,1,SM,92047.94634,4152.538685,476.4398976,2669.519829,1793.846682,2796.972578,1744.156704,8396.616187,2105.135962,0,302.0868391
Glencadam,100,2,SM,99553.91136,4021.300178,368.0395183,1829.819926,1675.688935,2519.465338,1642.474369,7298.826495,1500.881928,0,359.3302327
Glencadam,100,3,SM,87565.76508,3793.193171,334.0288207,2188.600708,1307.921858,2541.225835,1480.655958,7468.470059,1697.438672,0,229.6113787
Famous Grouse,50,1,BS,59733.5689,3172.179452,431.0491061,3607.127295,5253.2994,6439.645535,0,317.734532,2495.978318,0,1849.151786
Famous Grouse,50,2,BS,62267.39908,3458.742775,1753.730608,10538.96229,15129.17213,7500.127306,0,685.1112663,3544.908436,0,2099.551554
Famous Grouse,50,3,BS,57587.79589,3119.112286,1263.190789,8728.789859,12481.81006,6344.048388,0,397.2046489,2456.440146,0,1841.452525
Famous Grouse,60,1,BS,60358.9883,3426.959964,242.1540443,2764.1968,4352.593168,5825.225175,0,470.3695387,2105.880782,0,2086.810244
Famous Grouse,60,2,BS,61139.40764,2790.686058,2646.775547,10632.24049,14306.49706,5829.295621,0,345.0473414,2507.808878,0,2538.094815
Famous Grouse,60,3,BS,58842.03196,2935.64577,779.6899448,4585.47972,6675.713854,6104.8735,0,0,1710.154247,0,2307.39341
Famous Grouse,70,1,BS,65725.59689,3694.932277,920.6604214,3576.291969,5345.499122,6153.680554,0,884.0749126,1278.783166,0,1882.117328
Famous Grouse,70,2,BS,68748.59223,3076.033791,290.0003161,1227.707748,2271.596435,5341.551827,0,293.338004,446.5610992,0,1366.811471
Famous Grouse,70,3,BS,64506.75259,3367.817301,233.5862969,1050.830949,2392.797585,5553.123018,0,0,690.1052536,0,1583.377702
Famous Grouse,80,1,BS,65105.906,2991.50081,426.7653815,2282.281495,3588.484568,5375.502503,0,457.2595546,352.2967824,0,895.6789133
Famous Grouse,80,2,BS,65330.43347,3047.573091,421.0000105,1037.556827,2405.029155,4905.808686,0,361.9470281,691.0720847,0,634.1231775
Famous Grouse,80,3,BS,69904.42125,3353.652224,485.475962,2483.338852,4081.854569,5483.404785,0,859.2229878,748.4557192,0,448.3875042
Famous Grouse,90,1,BS,67000.17583,2703.96266,0,1307.171444,2796.64878,4373.472547,0,1059.64135,0,0,0
Famous Grouse,90,2,BS,69087.61911,3271.929571,1400.994799,5952.794379,8462.172897,4844.799007,0,1575.768426,1317.906055,0,170.4456086
Famous Grouse,90,3,BS,66286.44379,2725.142092,1111.498654,4509.5807,6267.349455,3488.933434,0,636.8710685,0,0,0
Famous Grouse,100,1,BS,62841.19969,2949.030429,463.1779935,2428.710318,3601.795146,4641.694738,0,521.1736513,0,0,250.3283489
Famous Grouse,100,2,BS,73646.09133,3437.95528,280.1604737,1402.652991,2732.211707,4678.886748,0,2055.900165,1873.622982,0,306.7715945
Famous Grouse,100,3,BS,71826.01316,2967.048946,0,2118.775224,3451.17719,4145.690427,0,304.1848683,0,0,296.718985
Highland Park,50,1,SM,27249.07275,1937.118708,107.3495011,423.1020144,1125.188928,670.3006808,815.904258,2742.505496,3639.655287,55.32222633,625.1093689
Highland Park,50,2,SM,26082.32116,1942.656144,1619.992055,4324.872229,6074.659451,545.4795955,858.898971,2424.961637,2547.985993,50.50508703,1108.924361
Highland Park,50,3,SM,26486.74726,1978.111223,3174.951577,7804.579111,10305.04741,631.4946895,882.1183792,2635.274886,2756.619006,52.66915838,900.6751461
Highland Park,60,1,SM,27374.41889,1950.865406,121.5434986,486.8162396,1256.706893,734.0056252,544.8998699,2412.30252,1841.041095,56.93440572,609.246047
Highland Park,60,2,SM,26611.23695,1978.30637,317.0626517,1593.02167,2583.511362,502.7899816,496.8954503,2000.555759,1997.801869,63.51875298,758.9944564
Highland Park,60,3,SM,28195.87529,2023.815267,1062.36183,5688.515716,7701.354629,733.0738564,697.8078851,3261.872138,2155.675017,55.08581459,808.7568537
Highland Park,70,1,SM,28042.83206,1976.226093,1672.893663,4196.750055,5534.976161,439.3951611,259.5151932,1480.475794,892.3998354,68.10170745,944.045805
Highland Park,70,2,SM,30170.81588,1970.007128,393.8540549,2065.020504,3051.791052,596.5930565,271.0225252,2268.23496,639.574743,43.78387874,584.6307057
Highland Park,70,3,SM,27944.22344,1876.830534,1937.525421,6182.109934,7768.578249,395.4446187,294.4564516,1480.550655,775.2989511,67.01105722,1151.003644
Highland Park,80,1,SM,27887.09605,1996.03842,577.6606596,1858.889056,2281.169546,276.0979836,0,1216.584232,0,50.82553138,1119.535806
Highland Park,80,2,SM,28537.70738,2053.665665,804.2396508,2977.198981,3684.106234,519.932875,0,1266.981078,0,42.77540691,1014.229
Highland Park,80,3,SM,28453.14903,1838.182784,1105.020225,3769.708701,4561.512578,458.6395242,0,1511.159341,0,49.64974614,1089.837105
Highland Park,90,1,SM,30541.04084,2100.678047,393.1065418,1815.825572,1412.106441,458.7806295,0,5016.919921,3809.392675,23.58536346,0
Highland Park,90,2,SM,31482.45019,2000.830653,129.8200541,973.6746452,605.3680235,125.4473061,0,5015.046294,4060.04618,16.67503679,0
Highland Park,90,3,SM,28528.61847,2557.297066,507.6503248,2036.576688,1737.77567,219.342003,0,5566.680758,3600.143668,0,0
Highland Park,100,1,SM,32621.85297,1981.512585,36.77798506,818.8759618,0,190.737793,0,1780.068708,1503.809382,0,0
Highland Park,100,2,SM,28636.9289,1980.05992,203.0654755,1895.512996,1022.594331,185.0230601,0,1375.673779,578.1567851,0,0
Highland Park,100,3,SM,28010.86508,2121.350401,239.4371185,2123.749119,771.7320198,197.7924716,0,2115.794034,955.0136378,0,0
Highland Park Dark,50,1,SM,25959.04438,2062.892166,108.6955805,821.4581242,1472.655833,229.080332,0,2831.311388,498.3309629,6655.171115,1078.359109
Highland Park Dark,50,2,SM,25964.36311,2074.394088,293.2280714,2048.708671,3568.110696,18.67276732,0,2738.19198,453.3077815,6286.375051,1029.41499
Highland Park Dark,50,3,SM,26764.07633,2027.986473,257.0569394,3095.874104,4237.338559,272.891839,0,3857.274233,453.2357857,8844.576175,570.51584
Highland Park Dark,60,1,SM,26864.45144,2013.499593,33.07462428,670.7757923,1365.306682,173.3407294,308.1402629,1859.417723,280.3319825,4222.226692,616.8575547
Highland Park Dark,60,2,SM,26738.66447,2070.217591,344.3994776,3957.936332,5322.999358,23.6140821,0,2566.069243,427.7104944,5740.830899,776.5807654
Highland Park Dark,60,3,SM,26541.35351,2081.148123,977.3925075,5294.927582,7257.481455,36.64965509,0,2767.311003,441.2519707,6515.906794,803.7751611
Highland Park Dark,70,1,SM,28208.2461,2025.828151,210.069087,1843.177107,2657.484164,484.7676572,0,1447.587474,221.1399936,3648.259299,1221.861556
Highland Park Dark,70,2,SM,26788.70796,1961.083469,200.7395406,2155.415115,2984.854909,294.3795391,0,1668.797287,292.3937725,3638.765545,988.498882
Highland Park Dark,70,3,SM,26183.1318,2044.628076,746.946119,4610.468662,5928.098386,131.5687405,0,1715.137204,346.0825615,3921.693976,788.6126586
Highland Park Dark,80,1,SM,30025.65753,2020.944569,0,725.5570436,611.0885309,462.4579849,0,939.2267396,170.9146878,2440.60675,0
Highland Park Dark,80,2,SM,27757.50355,2156.22677,170.7901479,2109.029571,2539.080733,87.66856599,0,1357.443791,240.3945479,3027.111587,0
Highland Park Dark,80,3,SM,28385.77744,2036.178531,304.7772855,3128.731008,3721.843602,251.4000672,0,1158.201591,126.6730556,2032.276099,0
Highland Park Dark,90,1,SM,32853.46754,2020.697822,55.92432903,480.1145125,377.3957268,323.3170028,0,4303.224519,170.5222674,2119.192312,0
Highland Park Dark,90,2,SM,29524.48864,2107.431424,135.4731064,1598.428852,1631.239935,183.8736717,0,3955.100368,300.7950648,2012.004056,0
Highland Park Dark,90,3,SM,29975.94647,2199.593812,414.0578199,2873.262752,2907.12752,89.76462612,0,5030.608075,297.4185653,2394.05733,0
Highland Park Dark,100,1,SM,27777.75699,2197.626076,0,531.3806363,0,28.75247592,0,2044.784721,200.2377828,1480.520105,0
Highland Park Dark,100,2,SM,27796.9917,2219.304279,55.69083776,880.4856434,312.8485711,80.65215459,0,2357.823456,219.651454,1502.668272,0
Highland Park Dark,100,3,SM,27582.20879,2166.52712,102.4034757,1178.274605,609.0555644,53.67792492,0,2330.577795,143.018569,1332.426809,0
The Irishman,50,1,IW,33406.45539,2287.368276,3222.472421,7080.968739,10406.06974,1120.158602,0,6043.967563,839.2171444,124.8436081,3024.206615
The Irishman,50,2,IW,36613.96464,2283.090792,1705.464741,2111.460456,4119.061258,1027.634813,0,4615.103273,786.4389462,91.49733696,2263.173938
The Irishman,50,3,IW,34597.91877,2304.788498,711.0102442,1055.616553,1875.678481,1247.204005,0,6320.295928,787.1174153,123.1762811,2996.390611
The Irishman,60,1,IW,32237.08758,2193.152379,899.0351956,2510.44175,4186.572919,794.5318016,0,3638.594023,706.5788835,55.04624853,2728.599977
The Irishman,60,2,IW,37573.86695,2320.793209,1714.585535,3329.921679,5416.418702,859.9215878,0,4448.575738,750.1293157,64.77216543,2349.304701
The Irishman,60,3,IW,32185.36156,2279.541504,1082.727049,1059.154772,2191.264456,843.3520969,0,4610.54069,794.300564,98.59508766,2784.681921
The Irishman,70,1,IW,38567.90782,2425.014132,566.1928843,2683.47038,3878.57878,528.2436513,0,3396.524429,679.0094548,55.32303077,2231.86913
The Irishman,70,2,IW,35966.62922,2336.480859,390.5394799,2066.895281,3424.023296,585.001575,0,5865.283508,733.784353,43.99382253,2644.583265
The Irishman,70,3,IW,31787.02372,2274.887166,656.8065435,2080.692831,3857.820318,427.4346129,0,4096.814799,753.4892093,49.58964687,2931.817051
The Irishman,80,1,IW,38549.87419,2386.832071,1542.081257,3063.145902,4311.949708,776.691653,0,3290.3062,646.8518307,72.278505,1802.563268
The Irishman,80,2,IW,35029.80365,2351.84807,1574.389134,3213.18414,4847.42761,664.3123731,0,3495.758809,710.447505,54.82426559,2857.234372
The Irishman,80,3,IW,46287.62269,2353.242689,1778.652641,5235.303389,6702.117642,905.1006518,0,2476.841726,612.4119736,75.13293116,1238.059822
The Irishman,90,1,IW,33440.23516,2305.185651,966.7068842,1048.306767,1787.127196,524.5678022,0,3434.311412,598.1637864,80.21893721,233.5252112
The Irishman,90,2,IW,37471.00813,2456.703212,2023.479152,5265.705852,6746.862265,754.3964941,0,4810.6734,676.0943961,81.24061557,266.7593218
The Irishman,90,3,IW,35854.15047,2397.57774,1588.837202,2656.815092,3655.742345,344.5315272,0,4485.269246,659.2197635,82.06802676,236.5272955
The Irishman,100,1,IW,36398.62736,2397.722618,1071.486589,1190.356691,1584.487145,0,0,3826.107229,506.7621494,71.33365701,309.6719804
The Irishman,100,2,IW,52910.47864,2200.264451,982.3395062,1547.602939,1062.871197,750.4679029,0,3043.328189,508.1170192,108.3459564,691.0269429
The Irishman,100,3,IW,38378.39159,2458.375422,1169.066487,2085.380799,2567.681143,523.3551142,0,5116.106688,533.3670913,77.12443101,306.5502158
Laphroaig 10,50,1,SM,63444.49435,3823.006813,0,691.0022345,1655.922378,2004.965659,0,5661.382299,1881.364809,125892.1306,5199.613483
Laphroaig 10,50,2,SM,64289.57391,3995.216004,0,819.9884354,1985.18992,2183.869499,0,5671.882887,1828.608474,121750.6696,5381.231805
Laphroaig 10,50,3,SM,60164.51577,3741.279895,66.63076637,873.4625853,1874.777526,1946.077562,0,6127.858324,1783.43487,106360.8639,4399.979807
Laphroaig 10,60,1,SM,67295.98811,8461.240911,191.6184326,837.9776017,2003.428537,6199.647697,0,5425.078653,1684.420763,95686.23085,3516.108383
Laphroaig 10,60,2,SM,68782.14944,5238.764768,75.80640144,969.4732325,1721.295004,6558.064351,0,5806.284353,1856.445466,134789.7022,5390.091934
Laphroaig 10,60,3,SM,61965.65054,9017.187097,56.96085265,707.269732,1779.393158,5405.063738,13.36572614,4517.253292,1524.026646,97415.5515,4753.839748
Laphroaig 10,70,1,SM,66527.31527,10041.48852,181.9761727,843.1145409,1972.342016,5398.439719,0,3511.829901,1398.307813,87084.85394,3695.565241
Laphroaig 10,70,2,SM,65862.60861,7973.8534,0,1056.859928,2285.824676,4806.204446,25.32221716,3683.730008,1270.229451,69049.06969,2637.237027
Laphroaig 10,70,3,SM,63552.60952,5233.154152,72.3757346,877.472498,1865.010214,4907.601553,0,4021.717482,1238.238493,76161.24005,2889.168416
Laphroaig 10,80,1,SM,68127.17067,7588.739759,200.3341526,1834.824829,2290.689728,4622.253915,0,2964.717421,1196.967243,56733.1325,1688.279025
Laphroaig 10,80,2,SM,72543.09865,4448.378583,67.16309114,2098.299441,2964.819876,5149.021604,0,3945.895159,1117.906125,58890.3068,1744.860645
Laphroaig 10,80,3,SM,75106.15245,4473.909365,65.74992799,1955.5744,2375.646282,5046.892368,0,4535.990219,1212.387296,54934.81476,1579.639153
Laphroaig 10,90,1,SM,75554.42093,20778.15182,308.1183974,3208.152247,3031.931846,6571.799131,0,3652.735562,1055.093821,41984.53895,187.4117871
Laphroaig 10,90,2,SM,67651.13197,5633.991974,402.7004047,4304.270012,3485.493617,6516.741871,0,4456.061512,1110.562766,45250.95656,172.0618574
Laphroaig 10,90,3,SM,83048.94883,18785.41669,263.9716492,2819.737826,2742.285781,7040.229589,0,4177.709638,1067.669418,43518.87919,171.3051893
Laphroaig 10,100,1,SM,75522.6705,4897.569638,212.2981279,1409.552283,1679.138299,4590.456486,75.3505883,2421.267488,925.6475508,32157.12521,146.2393231
Laphroaig 10,100,2,SM,73951.95537,11080.2753,157.5314881,890.2852859,1457.943604,3949.685097,0,2315.076168,889.7284016,30802.66385,197.5575771
Laphroaig 10,100,3,SM,70453.994,10553.27789,201.8121617,1207.46853,1777.058861,3886.380138,0,2241.134791,901.0623721,31436.93307,170.2312174
Maker's Mark,50,1,BU,120087.3055,588444.4618,9387.957562,15269.53258,11712.51298,99981.39737,0,4239.031933,2296.982127,137.0171513,3632.794273
Maker's Mark,50,2,BU,86245.25804,298656.5094,8979.702817,16170.20083,11990.43075,109607.6111,0,5327.082809,2820.039342,166.3952702,6134.328013
Maker's Mark,50,3,BU,80162.26895,358389.2693,10849.15959,18791.46236,13518.28114,128801.3199,0,11926.24597,2846.26033,146.4134875,5604.4183
Maker's Mark,60,1,BU,125192.4648,662363.5294,10943.52349,18194.21129,13341.22056,135510.6413,0,11206.67425,1686.493898,64.03988679,2285.542941
Maker's Mark,60,2,BU,126774.0981,659442.2062,11000.25796,18451.05775,13105.19764,139823.3205,0,13840.66526,2005.968078,78.38653965,2660.054696
Maker's Mark,60,3,BU,91815.81648,357122.3271,11496.74206,19860.64248,14223.29779,152575.8323,0,13334.88474,2040.713851,58.07585509,2320.411894
Maker's Mark,70,1,BU,112002.7874,684612.5254,11173.17001,14636.51199,10506.14093,106974.108,162.8917165,30826.20047,1552.443431,75.44480084,0
Maker's Mark,70,2,BU,84287.59772,349301.2463,10334.91763,16881.06189,11099.2319,123855.671,0,32202.57142,1480.049436,56.20730394,0
Maker's Mark,70,3,BU,91797.69407,548537.12,10204.45662,15876.27319,11052.39268,118136.1794,0,27148.81819,1204.407464,60.30239683,150.3680628
Maker's Mark,80,1,BU,138074.7966,801919.8349,9256.784958,11637.50818,8384.180715,73264.52708,249.3920223,14468.56146,985.923777,69.84189885,159.2834306
Maker's Mark,80,2,BU,86855.58923,429827.9099,9032.734133,12695.23494,9138.323603,77893.08123,572.4124056,16549.78733,990.3948805,64.26169374,123.9705455
Maker's Mark,80,3,BU,152329.1407,915877.8941,9520.613692,11883.66495,8433.877755,72762.69104,318.6778409,13015.14225,993.3983702,64.81800191,165.1758006
Maker's Mark,90,1,BU,138871.6749,690451.1664,6268.939835,7628.460121,6384.13816,39888.32469,0,6197.065961,888.1040266,72.5435133,153.2084922
Maker's Mark,90,2,BU,104889.953,616753.5636,6484.482353,7823.518061,6373.075892,40959.11705,0,5521.448389,877.7292628,73.62832597,110.2213084
Maker's Mark,90,3,BU,144197.1999,718469.7082,6033.623173,7123.714065,5963.42231,38342.45079,0,3175.421862,871.4572408,70.79631497,190.8500025
Maker's Mark,100,1,BU,168355.8403,781706.8433,6612.275679,6100.09515,5755.635093,23439.39417,0,1783.033873,911.4006933,65.04395916,172.0100891
Maker's Mark,100,2,BU,165420.4393,799693.6677,6416.521791,6292.637268,5603.804029,22099.66324,0,3481.525122,882.0504257,66.29394004,157.5112394
Maker's Mark,100,3,BU,175269.0365,794161.1095,5094.167189,5150.952088,4831.547084,23339.47836,0,1560.017495,905.2080217,75.92367284,230.957115
Michter's Rye,50,1,RW,110947.5146,1915.347822,3096.597993,16779.30679,22302.15633,93428.4793,0,3124.79274,1194.929355,65.63885014,3390.916366
Michter's Rye,50,2,RW,81545.8697,2102.690685,1266.177132,4958.923649,7250.271698,79576.77382,0,3236.165442,1319.560636,96.76497029,6157.243273
Michter's Rye,50,3,RW,74266.84992,2199.332442,1762.705385,9685.062895,13047.61478,82986.74714,0,3156.310618,1337.491921,138.5939056,5815.56439
Michter's Rye,60,1,RW,83255.33661,2184.427474,2952.52833,14229.08624,19023.28198,48817.45725,0,2577.294398,1156.124625,110.3040607,5997.98863
Michter's Rye,60,2,RW,73072.8549,2199.550764,6854.485094,36938.52977,47675.00649,44539.50545,0,4475.661695,2489.325627,117.9013526,4542.100615
Michter's Rye,60,3,RW,66491.28221,2246.610815,8014.714559,37379.19507,49105.02822,49424.08783,0,2657.820673,1232.105211,99.9124575,6531.499716
Michter's Rye,70,1,RW,125974.323,1680.480511,3086.546178,14827.19876,18925.50776,81162.03081,0,4203.730401,1546.370185,98.43441015,4300.954154
Michter's Rye,70,2,RW,88378.35284,2066.569973,2873.227811,14525.67655,18637.21858,75611.51665,0,3843.891028,1207.107224,100.3837755,5264.997205
Michter's Rye,70,3,RW,77667.10701,2145.429504,4813.461091,26475.59462,34141.93879,68055.32676,63.4582894,5690.920154,2766.017433,79.47808208,4880.454401
Michter's Rye,80,1,RW,88119.94377,2075.868123,2068.793927,11333.71331,13877.96588,60138.19213,0,5561.472702,1378.174357,74.50583078,866.8553643
Michter's Rye,80,2,RW,78580.81695,2420.565524,6486.196541,30113.64514,37672.83688,68808.44353,0,5299.876622,868.0721214,76.43817596,2035.98859
Michter's Rye,80,3,RW,97547.41133,1988.350495,3294.414062,18444.8061,22981.61517,59805.82782,164.4288492,6164.671678,2812.836707,113.1237905,1671.294285
Michter's Rye,90,1,RW,103307.7628,1983.478293,2603.580715,13697.53265,16225.08309,51404.73442,0,7904.812691,1643.342586,79.764064,574.6065219
Michter's Rye,90,2,RW,85767.23343,2129.756802,3152.254354,15940.67922,19313.82613,49099.53344,0,6615.545302,1144.56937,78.72419999,530.5829053
Michter's Rye,90,3,RW,72831.67435,2302.071812,6945.287168,33569.273,40252.95246,52596.76,0,6426.972972,881.4565532,81.59539893,818.5947391
Michter's Rye,100,1,RW,111879.7609,2136.011586,1839.930009,8958.749584,10142.81845,56273.704,0,6963.14501,1344.163326,81.27271883,0
Michter's Rye,100,2,RW,80301.40708,2240.85065,4857.445503,20961.63239,24367.32025,55173.13209,0,4339.177183,747.3332091,77.38370415,0
Michter's Rye,100,3,RW,83241.23425,2275.859197,5044.146196,22118.64443,25524.7387,55454.95742,0,5382.046929,1075.571442,77.09912125,0
Monkey Shoulder,50,1,BS,56273.04738,3353.479073,652.019343,5787.295298,8768.675151,80699.72906,0,5196.921018,1135.784028,122.4818665,1936.350441
Monkey Shoulder,50,2,BS,57385.88155,3422.828909,1457.366249,11027.25479,15275.42735,89295.83852,0,7320.758958,1186.52719,135.2405406,2053.057104
Monkey Shoulder,50,3,BS,59977.61453,3463.04543,1341.852139,9283.17999,13076.39601,96078.69486,0,6961.635591,1205.111082,420.8927793,2011.886976
Monkey Shoulder,60,1,BS,56551.59916,3496.51127,1039.3748,8220.198954,11828.39244,81278.87032,0,5146.398877,1128.597513,125.5211627,2098.811283
Monkey Shoulder,60,2,BS,58450.2833,3396.911802,845.3417427,7697.154991,11059.28009,78675.8138,0,5057.579215,1071.557741,115.0567909,2129.296732
Monkey Shoulder,60,3,BS,60244.67506,3189.348282,720.0531276,6162.593443,9103.087495,73659.76052,0,4100.674481,1055.176397,92.16748416,1678.692199
Monkey Shoulder,70,1,BS,65467.83291,3672.765585,1036.250098,7988.535929,11559.82225,76983.28888,0,4161.523521,987.8261539,67.50764028,1540.073319
Monkey Shoulder,70,2,BS,62495.74951,3291.651451,1176.465496,8413.538567,11819.68491,72381.19127,619.3419442,3576.130151,979.2392965,87.19629961,1897.05746
Monkey Shoulder,70,3,BS,66910.75199,3159.196387,468.6874282,4564.873161,6964.875884,74678.981,675.7112035,3648.808066,1078.731914,95.11527804,2094.636656
Monkey Shoulder,80,1,BS,58779.35705,3140.799233,794.5015463,7217.96544,9880.083836,67724.48197,0,2952.135571,849.3344976,74.56872908,803.5119996
Monkey Shoulder,80,2,BS,66826.0454,3635.159273,2200.622456,12443.97023,16396.45672,74751.64331,0,4440.535062,887.6259241,174.7436146,478.3096246
Monkey Shoulder,80,3,BS,63169.1726,3231.914802,1315.282898,7748.709854,10992.55322,66440.1797,0,3249.815938,879.3147972,70.32937683,1325.23397
Monkey Shoulder,90,1,BS,63892.71382,3265.036918,243.9942744,3470.301505,5495.592767,55524.88052,0,3455.080302,914.1089619,62.84698447,261.0792296
Monkey Shoulder,90,2,BS,63163.61775,3283.119331,1749.481866,10320.76337,13719.41079,59296.7124,0,3246.414641,839.4398194,77.42771092,198.25669
Monkey Shoulder,90,3,BS,64047.03394,3215.120195,822.1766993,5608.400465,7601.992288,61587.65017,0,3537.834489,882.9937558,67.93722381,287.0091773
Monkey Shoulder,100,1,BS,65568.17824,3426.78804,570.4812892,5635.034148,7428.786273,59556.22852,0,2846.950923,768.8086321,66.3569188,124.343475
Monkey Shoulder,100,2,BS,71003.3011,3797.604308,703.7543619,5920.269093,7666.601385,59211.59285,0,3185.633987,756.6702155,74.36033043,195.2999286
Monkey Shoulder,100,3,BS,61454.85078,3215.923348,238.2983001,3103.801288,4526.7312,50717.2954,0,2766.921745,823.4903092,69.07905547,274.1594471
Four Roses,50,1,BU,33492.01247,2294.188854,6821.049247,455.1415808,898.9924594,4230.055959,0,3254.703649,2220.911933,147.0016742,14587.02042
Four Roses,50,2,BU,32596.54789,2205.73021,2374.185766,271.4240934,886.6663623,3287.777791,0,2939.230642,1822.063946,141.2539994,12105.87882
Four Roses,50,3,BU,34064.82508,2288.861988,6895.623017,374.1357561,781.8694355,4245.973666,0,3278.682231,2019.991575,145.6036468,12106.41243
Four Roses,60,1,BU,35388.52957,2460.49543,7906.223105,422.1268105,724.5571171,4040.544384,0,7797.772924,1827.056872,140.6764542,10946.70705
Four Roses,60,2,BU,34000.47837,2597.08261,9714.72118,575.0077042,863.243737,3949.782728,0,2939.470746,2164.658695,143.7022343,17005.14759
Four Roses,60,3,BU,31266.91155,2209.776436,4060.412421,295.5231713,880.9900539,3229.546072,0,3381.518756,1655.667046,134.1530951,16093.31664
Four Roses,70,1,BU,33670.73195,2284.013003,10312.64293,645.5266253,818.4736034,3822.833399,0,3212.558181,1303.131075,103.6188154,11681.63663
Four Roses,70,2,BU,32264.85765,2286.406419,6403.295659,382.2140838,918.8596503,3469.498012,0,3999.360326,1321.548635,109.5064508,10815.48938
Four Roses,70,3,BU,35332.23947,2376.297607,7658.18928,352.762932,837.6395006,3470.549196,0,2573.140282,1129.258924,94.22503577,11490.99538
Four Roses,80,1,BU,33878.60017,2325.003042,8128.891246,330.6235536,744.0944921,3189.147589,0,5596.659261,1598.426671,62.87875366,3371.184694
Four Roses,80,2,BU,33437.35074,2339.965165,7569.812374,311.6681701,693.4484346,3081.193107,0,5019.492453,1590.299293,84.44873007,3648.327997
Four Roses,80,3,BU,33770.85465,2476.913951,9464.924981,568.1543428,856.4454349,3187.620536,0,4229.959641,1215.730799,66.56438643,4626.189079
Four Roses,90,1,BU,32990.4461,2377.624487,7658.50812,340.6023181,782.1357414,2717.277293,0,2574.253482,873.0418465,75.77674447,664.2523096
Four Roses,90,2,BU,32993.44077,2238.8148,6686.30362,349.2913728,808.3138029,2554.913492,0,2314.238586,865.5002135,77.52724128,885.3762931
Four Roses,90,3,BU,35458.7819,2645.940124,10140.95854,493.1709329,752.4864017,2906.797212,0,6934.641173,1695.567906,64.48324118,630.0948965
Four Roses,100,1,BU,32447.4366,2361.038701,6588.279599,404.8323951,782.0654821,2622.742793,0,3879.312964,812.1462327,80.6148297,256.2040392
Four Roses,100,2,BU,34401.54275,2522.706157,9966.185316,589.7299063,721.6579934,2667.318696,0,1949.720134,704.9150309,81.4417283,284.0860671
Four Roses,100,3,BU,34487.70287,2313.313361,6810.309381,183.0622954,661.4023893,2195.394141,0,1463.178037,645.7928789,74.93198675,273.5028965
Russell Reserve,50,1,RW,85642.1478,2652.317141,0,0,0,26427.24758,1110.766379,7980.008842,4304.070987,125.3437344,8507.704386
Russell Reserve,50,2,RW,86835.50497,2411.499192,0,0,0,23570.78592,0,7143.63341,3198.590746,106.3152595,6799.046803
Russell Reserve,50,3,RW,83341.6653,2680.886712,0,0,0,26185.70052,0,9314.758781,4363.232053,124.4551234,8227.567354
Russell Reserve,60,1,RW,83262.81133,2702.512856,0,0,576.802103,27437.64439,4083.210656,7221.298649,3362.694528,105.8539578,7544.889948
Russell Reserve,60,2,RW,88323.50353,2451.334185,0,0,318.0729624,25835.64908,4401.286358,7253.470479,3671.891051,103.3067244,9084.369036
Russell Reserve,60,3,RW,89785.16487,2541.469646,0,0,0,23642.88357,3237.210016,7237.046061,3456.253847,123.7469435,7420.095138
Russell Reserve,70,1,RW,85471.91304,2499.836521,0,0,0,24711.53209,8725.424185,7576.919616,2768.792522,109.1085673,7872.989609
Russell Reserve,70,2,RW,85987.08704,2547.98701,0,0,0,23842.7386,8556.240129,8424.990183,3269.380535,98.82683209,8377.127165
Russell Reserve,70,3,RW,82854.24335,2690.381252,0,0,0,24862.62448,9013.964692,7681.677487,2351.56888,85.91323093,6010.950762
Russell Reserve,80,1,RW,83523.22082,2603.829149,239.6865566,1523.566809,2784.381402,22608.30752,13169.81987,27076.0509,6674.778367,146.5192648,5099.017785
Russell Reserve,80,2,RW,92786.84898,2709.123291,0,0,0,23591.6926,13610.50047,28814.77352,6704.111086,126.0404465,4918.15243
Russell Reserve,80,3,RW,86105.56198,2435.894096,0,0,636.2177157,22823.31307,12314.09817,26529.44553,5361.854073,140.1160038,3830.963271
Russell Reserve,90,1,RW,83975.75602,2638.459767,0,0,949.0481275,15575.24289,9540.492165,56184.17512,22185.87883,102.1157393,1822.049335
Russell Reserve,90,2,RW,86390.53624,2699.472273,408.3106371,1596.203021,2999.992818,16753.49525,9244.817497,55407.66679,22428.71545,114.8186056,1936.875535
Russell Reserve,90,3,RW,87183.48158,2398.400159,0,0,649.1784196,14705.38941,8442.314782,41311.29073,17928.7893,104.2802551,1552.511694
Russell Reserve,100,1,RW,84965.04259,2451.496736,0,0,0,13652.76062,5684.886905,24825.02627,8288.9932,111.4734761,387.3856705
Russell Reserve,100,2,RW,85746.6595,2460.222295,0,0,0,13412.16902,4147.73994,24509.57431,8228.020578,119.8492346,438.141268
Russell Reserve,100,3,RW,89671.21347,2633.029286,0,0,544.2430515,14597.08314,5666.436393,23884.49617,8060.081944,135.0922334,235.0129399
George T Stagg,50,1,BB,26779.22598,2131.721294,171.0326515,732.2755264,1246.609468,95320.32629,0,30645.77223,3725.221372,78.59882935,3547.912742
George T Stagg,50,2,BB,25828.83311,2096.20305,142.527779,972.4356294,1356.86602,84448.99771,0,25794.19575,3098.807743,76.83127561,2447.093766
George T Stagg,50,3,BB,27995.21958,2225.630934,976.4843497,3566.8746,4874.290627,104023.3951,0,37921.19377,4694.768559,95.26404502,3644.279687
George T Stagg,60,1,BB,26185.49715,2050.707363,341.0876479,1687.036659,2356.690121,69778.19735,0,82967.68883,10724.62174,116.2451797,0
George T Stagg,60,2,BB,26905.55822,2135.893322,198.6504669,968.6968893,1419.415398,71397.11763,0,100609.4467,13517.13747,64.78163734,437.7522673
George T Stagg,60,3,BB,25880.73689,2194.995389,301.5189659,1637.506503,2415.045564,79210.69125,0,91714.76039,12187.13032,102.6460933,393.4768296
George T Stagg,70,1,BB,27118.81673,2240.714528,122.9445851,386.6455423,502.1382688,61400.17502,0,93041.78785,19190.77832,112.525434,0
George T Stagg,70,2,BB,26329.83448,2234.038461,332.2370465,1406.531905,1915.398833,61889.33967,0,93644.056,18674.653,99.93927634,0
George T Stagg,70,3,BB,26520.34421,2239.210435,365.1149118,1829.451734,2398.271733,55921.41722,0,123174.621,26281.76581,89.84091988,0
George T Stagg,80,1,BB,27400.13032,2118.797087,0,0,0,46620.89346,0,25475.34899,3434.584842,69.5922623,0
George T Stagg,80,2,BB,27550.50484,2212.275374,0,143.3513106,174.9697995,49683.0647,0,33369.96929,4789.389667,83.33722649,0
George T Stagg,80,3,BB,26140.24421,2102.25149,0,0,0,47224.00466,0,32458.97871,4694.301293,84.47626902,0
George T Stagg,90,1,BB,26892.34554,2222.223239,0,0,0,37384.1428,0,12281.23716,1299.107167,61.27735439,0
George T Stagg,90,2,BB,26692.98114,2129.462104,28.58375917,0,0,40799.96262,0,10628.32737,1072.081437,52.47769252,0
George T Stagg,90,3,BB,27257.65003,2178.965494,0,0,0,36799.02538,0,10878.79901,1162.946561,45.53280115,0
George T Stagg,100,1,BB,28660.72015,2230.752591,57.46851895,0,0,33241.59879,0,3281.388891,171.5284826,41.05991111,144.6634533
George T Stagg,100,2,BB,26876.76278,2161.837998,0,0,0,32141.0151,0,5739.48974,346.0799399,46.62989702,0
George T Stagg,100,3,BB,26684.49485,2102.299287,0,0,0,31188.09265,0,2925.228675,253.1263804,42.30893698,111.2455022
Teeling,50,1,IW,61734.82837,2192.93479,399.373542,761.8540921,1417.818947,5581.002254,1531.326581,4089.425687,672.7470636,90.46440663,4905.973404
Teeling,50,2,IW,57635.38548,2306.752515,264.868628,383.4776022,833.2101366,6025.126654,1530.942564,5593.702978,706.926073,66.14503784,6549.512511
Teeling,50,3,IW,67601.55292,2083.872721,274.8390423,1091.942565,1033.602884,6467.81065,3621.91962,5547.03469,719.4503052,59.40061829,3811.506493
Teeling,60,1,IW,53047.92739,2356.090016,908.8417963,1314.611535,2110.031198,6237.374347,3933.468824,6944.463911,704.3548801,76.31324998,4646.298826
Teeling,60,2,IW,57559.58523,2355.550821,1351.841654,3617.798173,4927.38339,6767.741252,6666.895697,3999.437423,703.1014749,74.54233319,5266.874072
Teeling,60,3,IW,71413.53185,2250.66158,892.0218709,2494.226586,2982.337892,6274.673034,3607.194979,5210.871909,602.4382836,87.19785651,2581.057998
Teeling,70,1,IW,69807.14314,2239.136475,1133.025743,2638.091103,2848.538245,6027.328353,7937.857382,5658.250539,634.9499017,78.16879479,2983.982111
Teeling,70,2,IW,74629.77816,1989.961852,0,590.2318665,0,4567.245648,3514.883475,6455.383653,649.3082343,82.63956391,1311.939552
Teeling,70,3,IW,63291.28167,2319.412397,1171.457594,3487.190869,3864.379049,5996.980469,7731.709629,6510.058446,602.5847869,79.05932394,1841.660571
Teeling,80,1,IW,59684.58665,2355.895087,2029.11711,4627.385866,5185.683325,5596.79872,5773.520737,5677.820732,612.3651585,80.45753524,347.8574512
Teeling,80,2,IW,63308.51044,2344.793246,2166.882022,4575.736933,5054.423153,5686.301596,6384.266887,6666.33213,602.2799401,74.34839536,0
Teeling,80,3,IW,83623.48675,2694.613142,719.271686,1763.52523,1261.357461,5460.884309,4020.348957,7033.753465,602.0363976,72.57159734,176.2646544
Teeling,90,1,IW,78973.10332,2300.770366,1914.631859,3191.710036,2740.570021,5252.253684,5458.910912,4770.995697,113.0953024,44.23625582,250.5290881
Teeling,90,2,IW,87757.68043,2089.131165,848.4753934,2057.203864,1031.551285,5310.781196,6197.195838,4634.585795,295.5567068,53.10473362,127.7349514
Teeling,90,3,IW,69109.35589,2203.643153,872.87151,2107.863157,843.8086495,5108.888034,3867.645109,3590.314148,337.2858806,53.49300327,0
Teeling,100,1,IW,72922.14091,2193.95277,1112.830371,2617.280715,2051.409727,3149.255199,1228.943826,1511.064706,151.9817658,63.01904235,152.4542467
Teeling,100,2,IW,56581.13738,2324.483402,666.3815582,2076.479562,1091.050148,3532.603926,1024.347342,1727.271653,188.5002502,71.65217827,0
Teeling,100,3,IW,72999.92485,2762.028569,563.4131266,1828.983949,705.6334041,4044.270261,1653.835427,2002.078642,236.7141595,38.93799671,0
Tullamore Dew,50,1,IW,46607.11516,2200.059063,0,0,73.53394738,1944.7289,0,1132.386946,441.1265999,83.66947627,7327.745628
Tullamore Dew,50,2,IW,63744.53861,2116.473097,0,352.4938751,1021.692601,4105.715573,0,4893.183862,596.7487189,73.60059677,5254.154051
Tullamore Dew,50,3,IW,58894.81126,2108.818103,0,709.8207911,1636.332761,4445.247293,0,1798.713177,505.9039699,78.0060158,5826.448488
Tullamore Dew,60,1,IW,70830.83074,2099.671461,0,1730.314961,2677.943678,4427.666907,0,2477.59522,522.1956688,79.07707948,5196.570234
Tullamore Dew,60,2,IW,66589.66664,2143.537367,0,772.6316576,1287.248182,4067.550875,0,3375.54937,518.1394625,79.69228267,4908.215248
Tullamore Dew,60,3,IW,70117.44738,1998.377249,725.7870955,3121.39323,4552.399298,3948.035561,0,1449.906319,504.7160617,80.09718665,4351.087706
Tullamore Dew,70,1,IW,60155.09242,2273.37169,0,791.3688878,976.2779381,4161.645949,0,4073.608285,478.995396,75.10357092,3569.806468
Tullamore Dew,70,2,IW,67641.67868,2042.447725,0,735.918839,1251.949993,3703.906391,0,3347.833523,404.7594053,70.8043052,2870.421457
Tullamore Dew,70,3,IW,64694.8926,2916.658679,0,906.6471437,1245.585836,4823.97185,0,3255.688848,574.1324622,78.04198545,3059.593765
Tullamore Dew,80,1,IW,60077.43934,3448.231477,0,415.5860399,263.0242019,4539.809573,0,2500.278303,405.0472369,61.74675453,940.5945731
Tullamore Dew,80,2,IW,84669.9311,2357.615781,0,1550.996882,2139.694279,4622.608458,0,3483.423196,365.7493303,50.95608658,387.4315903
Tullamore Dew,80,3,IW,71171.56531,3838.986985,0,514.4950927,734.1360458,4562.87364,0,4324.84422,461.3385422,63.28825641,269.1088915
Tullamore Dew,90,1,IW,62827.4552,3466.028377,0,340.5390106,316.6626112,4038.499938,0,2365.775265,320.3542194,68.19982714,0
Tullamore Dew,90,2,IW,67551.22618,3132.093438,0,1157.145633,1073.53802,4310.164232,0,2083.883761,374.135489,67.39136788,0
Tullamore Dew,90,3,IW,74361.55854,2439.543664,0,507.413313,0,4183.298574,0,2586.57929,364.8206985,55.84506507,0
Tullamore Dew,100,1,IW,57974.69807,2477.86914,190.785931,1703.696435,1752.718827,3008.793795,0,858.1305518,247.6727638,61.96847075,0
Tullamore Dew,100,2,IW,68754.4304,2398.618354,0,996.1639465,1211.29282,3154.204542,0,1096.73238,220.9649442,55.90493264,0
Tullamore Dew,100,3,IW,68614.9023,2654.821271,0,276.5014817,125.8685227,3037.869054,0,1608.667643,289.2562527,50.63887806,0
Wild Turkey,50,1,BU,27525.18164,2156.119201,20689.81205,5733.094795,7718.395996,3005.175373,26242.0454,72526.37197,10040.50357,115.2951266,4656.510052
Wild Turkey,50,2,BU,27139.28012,2129.426246,13909.37699,2800.207076,3921.31959,2816.925885,25142.37861,64949.30549,7567.177802,83.49873699,3851.36048
Wild Turkey,50,3,BU,28184.42526,2069.448924,11275.64883,1763.09784,2841.66467,2623.640874,22796.81447,71292.4119,9864.952233,73.56894926,4130.631334
Wild Turkey,60,1,BU,26907.14629,2095.965461,20108.88037,3641.074816,4851.805274,2915.941455,43896.00406,130573.8507,18329.72494,105.1813709,3750.545996
Wild Turkey,60,2,BU,27184.047,2212.757303,24022.6951,4522.861133,6038.850447,3063.765987,44541.31921,123051.1677,18229.65674,91.20076016,3247.573918
Wild Turkey,60,3,BU,28147.20556,2117.179585,21417.80752,2714.016359,3827.74901,2978.346042,41975.66594,113636.4639,12899.9272,101.2351499,3147.908198
Wild Turkey,70,1,BU,26929.46949,2108.087031,18462.09919,1687.82435,2166.176828,2565.209279,53191.01594,371556.4628,67942.86676,0,3413.241497
Wild Turkey,70,2,BU,28420.42576,2110.162173,21077.15468,7451.722881,9215.170753,2604.179549,52500.84526,279595.0017,43026.46444,89.2171077,2066.875517
Wild Turkey,70,3,BU,26640.3811,2086.688263,21963.80033,2791.867042,3703.867576,2699.236844,56933.62298,331913.0138,54581.67169,381.2230343,3207.395366
Wild Turkey,80,1,BU,30056.82585,2185.131588,13785.05093,2159.025079,2718.941213,2110.618744,39473.64729,768030.1582,175960.9229,0,0
Wild Turkey,80,2,BU,28617.39702,2140.430269,17916.15465,4734.306082,5611.562459,2266.924133,46017.52548,687259.1755,137667.9623,0,151.5295224
Wild Turkey,80,3,BU,29072.19442,2192.264891,18745.67469,2741.175257,3296.311377,2445.087788,46683.84238,782579.4275,164631.8105,0,573.3812774
Wild Turkey,90,1,BU,28227.4327,2205.596339,14546.83664,727.859609,661.1727794,1505.731481,26153.69637,670492.9069,201559.8205,0,0
Wild Turkey,90,2,BU,28350.38029,2121.742856,12066.29679,1697.92652,1843.519864,1668.657996,24949.94148,634197.7442,193034.4736,0,0
Wild Turkey,90,3,BU,27898.25858,2151.986692,14196.7388,789.3381664,1013.777628,1573.594953,26385.89598,667520.0554,193258.6997,0,0
Wild Turkey,100,1,BU,33579.27383,2083.005359,11589.26314,0,143.3394459,1381.464723,15313.40768,284976.8199,68039.52075,48.14261143,375.9372906
Wild Turkey,100,2,BU,27031.34691,2100.388928,9463.582834,329.9937966,466.2279175,1245.885433,14730.56604,296428.8612,70047.98643,50.42764592,0
Wild Turkey,100,3,BU,28557.27525,2027.125041,10124.33492,318.6258422,391.7930623,1373.123369,15204.7512,303919.756,72617.92636,0,0
Woodford Rye,50,1,RW,88353.61591,2149.292007,10038.46999,30298.19291,39262.8125,7631.204097,28450.85655,0,0,131.7800435,5192.024106
Woodford Rye,50,2,RW,65590.74152,2312.297029,12775.08658,44448.37005,58481.36937,7565.490416,19019.20931,0,0,112.2604519,7934.894572
Woodford Rye,50,3,RW,76309.19228,2120.291256,9141.659173,19117.15884,25045.63627,7225.022098,16589.18801,0,0,124.6597802,7558.904121
Woodford Rye,60,1,RW,98266.61651,1890.868296,7771.434491,12105.63032,15785.73109,6613.316964,22731.80364,0,0,537.2327244,5544.316581
Woodford Rye,60,2,RW,68872.03438,2237.6301,10210.91168,24409.95216,31582.61617,6878.757601,27746.04888,0,0,628.1622071,6398.877182
Woodford Rye,60,3,RW,94162.79755,2331.51679,11829.68443,15868.31107,20493.58688,7229.790579,45850.70046,0,0,963.0845669,6566.474165
Woodford Rye,70,1,RW,88628.12875,2245.033737,8337.706824,9175.505533,11347.32702,6557.790727,54040.20974,24416.08985,6050.560035,878.6826889,3895.648949
Woodford Rye,70,2,RW,84814.48091,2146.370828,7195.830493,10280.12662,13148.83435,5786.323358,25200.03628,17166.11666,4470.581968,848.6887262,3204.171692
Woodford Rye,70,3,RW,78240.40518,2307.282378,8672.705422,15009.71168,19355.63671,6180.545701,33796.71097,20119.85183,3901.110662,876.2580903,3862.866298
Woodford Rye,80,1,RW,85087.23318,2171.697104,6756.404384,6536.414002,7929.547064,4967.012282,25426.65212,50102.43159,43902.81567,501.9492684,1131.189531
Woodford Rye,80,2,RW,85859.26923,2320.286204,8271.378866,12841.28632,15889.32563,5361.907762,29991.19939,55536.60047,42913.06677,509.3572961,2291.439977
Woodford Rye,80,3,RW,78612.33571,2294.751075,8805.460674,14089.9803,17139.35392,5303.142678,45016.05808,52600.48128,44390.9283,284.1386776,674.4931418
Woodford Rye,90,1,RW,69801.12983,2234.111098,7524.867116,5500.491847,5855.511434,4671.777838,24906.6454,38880.56009,37214.88267,35.29330316,459.0347281
Woodford Rye,90,2,RW,76957.48982,2263.955281,8244.517741,7077.950632,7815.333921,4733.860744,27246.02798,40458.42031,36334.4693,0,0
Woodford Rye,90,3,RW,134519.2974,1675.265615,7617.201435,4509.862225,5047.418583,4681.863822,25460.88905,60132.9449,49053.19797,0,527.1659331
Woodford Rye,100,1,RW,106438.5741,1931.093982,6182.67767,1784.394529,1181.893104,3798.538918,15056.70945,25050.37165,16683.96881,59.95351936,249.1058856
Woodford Rye,100,2,RW,96685.2271,2017.869502,5754.608054,2849.909655,2647.956581,4058.032334,13641.0044,19575.54199,12112.32005,68.79892713,0
Woodford Rye,100,3,RW,81031.65166,2130.068966,5623.867192,3358.107338,3598.704272,4064.230957,13033.82488,15823.11965,10343.26045,77.84049209,0
